Rk,Player,Season,Age,Tm,Lg,WS,G,GS,MP,FG,FGA,2P,2PA,3P,3PA,FT,FTA,ORB,DRB,TRB,AST,STL,BLK,TOV,PF,PTS,FG%,2P%,3P%,eFG%,FT%,TS%
1,Stephen Curry\curryst01,2015-16,27,GSW,NBA,17.9,79,79,2700,805,1598,403,712,402,886,363,400,68,362,430,527,169,15,262,161,2375,.504,.566,.454,.630,.908,.669
2,Kevin Durant\duranke01,2015-16,27,OKC,NBA,14.5,72,72,2578,698,1381,512,900,186,481,447,498,45,544,589,361,69,85,250,137,2029,.505,.569,.387,.573,.898,.634
3,Russell Westbrook\westbru01,2015-16,27,OKC,NBA,14.0,80,80,2750,656,1444,555,1103,101,341,465,573,145,481,626,834,163,20,342,200,1878,.454,.503,.296,.489,.812,.554
4,Kawhi Leonard\leonaka01,2015-16,24,SAS,NBA,13.7,72,72,2380,551,1090,422,799,129,291,292,334,95,398,493,186,128,71,105,133,1523,.506,.528,.443,.565,.874,.616
5,LeBron James\jamesle01,2015-16,31,CLE,NBA,13.6,76,76,2709,737,1416,650,1134,87,282,359,491,111,454,565,514,104,49,249,143,1920,.520,.573,.309,.551,.731,.588
6,James Harden\hardeja01,2015-16,26,HOU,NBA,13.3,82,82,3125,710,1617,474,960,236,657,720,837,63,438,501,612,139,51,374,229,2376,.439,.494,.359,.512,.860,.598
7,Chris Paul\paulch01,2015-16,30,LAC,NBA,12.7,74,74,2420,515,1114,393,785,122,329,294,328,39,271,310,738,152,13,194,185,1446,.462,.501,.371,.517,.896,.575
8,Kyle Lowry\lowryky01,2015-16,29,TOR,NBA,11.6,77,77,2851,512,1198,300,651,212,547,398,491,55,310,365,494,158,34,225,211,1634,.427,.461,.388,.516,.811,.578
9,DeAndre Jordan\jordade01,2015-16,27,LAC,NBA,11.5,77,77,2598,357,508,357,507,0,1,266,619,267,792,1059,90,51,177,107,207,980,.703,.704,.000,.703,.430,.628
10,Draymond Green\greendr01,2015-16,25,GSW,NBA,11.1,81,81,2808,401,819,301,561,100,258,229,329,134,635,769,598,119,113,259,240,1131,.490,.537,.388,.551,.696,.587
11,Hassan Whiteside\whiteha01,2015-16,26,MIA,NBA,10.3,73,43,2125,413,682,413,682,0,0,214,329,238,627,865,30,44,269,137,201,1040,.606,.606,,.606,.650,.629
12,LaMarcus Aldridge\aldrila01,2015-16,30,SAS,NBA,10.1,74,74,2261,536,1045,536,1029,0,16,259,302,176,456,632,110,38,81,99,151,1331,.513,.521,.000,.513,.858,.565
13,Paul Millsap\millspa01,2015-16,30,ATL,NBA,10.1,81,81,2647,501,1066,427,834,74,232,309,408,198,534,732,265,147,139,191,237,1385,.470,.512,.319,.505,.757,.556
14,DeMar DeRozan\derozde01,2015-16,26,TOR,NBA,9.9,78,78,2804,614,1377,567,1238,47,139,555,653,64,285,349,315,81,21,175,167,1830,.446,.458,.338,.463,.850,.550
15,Kemba Walker\walkeke02,2015-16,25,CHO,NBA,9.9,81,81,2885,568,1331,386,841,182,490,371,438,56,301,357,421,126,39,171,111,1689,.427,.459,.371,.495,.847,.554
16,Isaiah Thomas\thomais02,2015-16,26,BOS,NBA,9.7,82,79,2644,591,1382,424,917,167,465,474,544,46,197,243,509,91,9,220,167,1823,.428,.462,.359,.488,.871,.562
17,Al Horford\horfoal01,2015-16,29,ATL,NBA,9.4,82,82,2631,529,1048,441,792,88,256,103,129,148,448,596,263,68,121,107,163,1249,.505,.557,.344,.547,.798,.565
18,Paul George\georgpa01,2015-16,25,IND,NBA,9.2,81,81,2819,605,1449,395,883,210,566,454,528,79,484,563,329,152,29,265,230,1874,.418,.447,.371,.490,.860,.557
19,Damian Lillard\lillada01,2015-16,25,POR,NBA,9.2,75,75,2676,618,1474,389,864,229,610,414,464,45,257,302,512,65,28,242,165,1879,.419,.450,.375,.497,.892,.560
20,Jimmy Butler\butleji01,2015-16,26,CHI,NBA,9.1,67,67,2474,470,1035,406,830,64,205,395,475,79,279,358,321,110,43,132,124,1399,.454,.489,.312,.485,.832,.562
21,Gordon Hayward\haywago01,2015-16,25,UTA,NBA,8.9,80,80,2893,521,1202,378,792,143,410,393,477,61,336,397,296,95,27,202,183,1578,.433,.477,.349,.493,.824,.559
22,Tristan Thompson\thomptr01,2015-16,24,CLE,NBA,8.7,82,34,2269,247,420,247,420,0,0,149,242,268,470,738,62,38,51,61,202,643,.588,.588,,.588,.616,.611
23,Kevin Love\loveke01,2015-16,27,CLE,NBA,8.5,77,77,2424,409,977,251,538,158,439,258,314,149,613,762,186,58,41,142,159,1234,.419,.467,.360,.499,.822,.553
24,Karl-Anthony Towns\townska01,2015-16,20,MIN,NBA,8.3,82,82,2627,625,1153,595,1065,30,88,223,275,229,629,858,161,58,138,183,245,1503,.542,.559,.341,.555,.811,.590
25,Enes Kanter\kanteen01,2015-16,23,OKC,NBA,8.1,82,1,1721,414,719,404,698,10,21,200,251,249,415,664,33,26,33,115,166,1038,.576,.579,.476,.583,.797,.626
26,Klay Thompson\thompkl01,2015-16,25,GSW,NBA,8.0,80,80,2666,651,1386,375,736,276,650,193,221,35,271,306,166,60,49,138,152,1771,.470,.510,.425,.569,.873,.597
27,Marvin Williams\willima02,2015-16,29,CHO,NBA,7.8,81,81,2338,338,747,186,369,152,378,120,144,127,394,521,110,58,77,62,133,948,.452,.504,.402,.554,.833,.585
28,Greg Monroe\monrogr01,2015-16,25,MIL,NBA,7.5,79,67,2314,491,941,491,940,0,1,228,308,218,478,696,178,72,67,129,163,1210,.522,.522,.000,.522,.740,.562
29,Andre Drummond\drumman01,2015-16,22,DET,NBA,7.4,81,81,2666,552,1060,550,1054,2,6,208,586,395,803,1198,67,119,112,155,245,1314,.521,.522,.333,.522,.355,.499
30,Jae Crowder\crowdja01,2015-16,25,BOS,NBA,7.3,73,73,2308,360,813,238,450,122,363,196,239,70,303,373,135,126,35,83,198,1038,.443,.529,.336,.518,.820,.565
31,Marcin Gortat\gortama01,2015-16,31,WAS,NBA,7.3,75,74,2256,433,764,433,763,0,1,146,207,222,519,741,106,47,96,121,193,1012,.567,.567,.000,.567,.705,.592
32,Anthony Davis\davisan02,2015-16,22,NOP,NBA,7.2,61,61,2164,560,1136,525,1028,35,108,326,430,130,497,627,116,78,125,121,148,1481,.493,.511,.324,.508,.758,.559
33,Giannis Antetokounmpo\antetgi01,2015-16,21,MIL,NBA,7.1,80,79,2823,513,1013,485,904,28,109,296,409,113,499,612,345,94,113,208,258,1350,.506,.537,.257,.520,.724,.566
34,Derrick Favors\favorde01,2015-16,24,UTA,NBA,7.1,62,59,1983,418,811,418,807,0,4,180,254,169,334,503,94,74,91,104,150,1016,.515,.518,.000,.515,.709,.551
35,Pau Gasol\gasolpa01,2015-16,35,CHI,NBA,7.1,72,72,2291,467,995,443,926,24,69,229,289,155,638,793,294,42,146,164,148,1187,.469,.478,.348,.481,.792,.529
36,Reggie Jackson\jacksre01,2015-16,25,DET,NBA,6.9,79,79,2424,540,1244,422,910,118,334,291,337,58,195,253,492,59,11,223,187,1489,.434,.464,.353,.482,.864,.535
37,Jonas Valanciunas\valanjo01,2015-16,23,TOR,NBA,6.9,60,59,1557,303,536,303,536,0,0,162,213,184,363,547,42,25,80,85,158,768,.565,.565,,.565,.761,.610
38,Dirk Nowitzki\nowitdi01,2015-16,37,DAL,NBA,6.8,75,75,2364,498,1112,372,770,126,342,250,280,52,437,489,132,52,52,84,161,1372,.448,.483,.368,.504,.893,.555
39,Ed Davis\davised01,2015-16,26,POR,NBA,6.7,81,0,1684,206,337,206,337,0,0,114,204,224,375,599,88,57,72,64,202,526,.611,.611,,.611,.559,.616
40,Nikola Jokic\jokicni01,2015-16,20,DEN,NBA,6.7,80,55,1733,307,600,279,516,28,84,154,190,181,379,560,189,79,50,104,208,796,.512,.541,.333,.535,.811,.582
41,J.J. Redick\redicjj01,2015-16,31,LAC,NBA,6.7,75,75,2097,422,880,222,459,200,421,182,205,10,129,139,106,42,5,78,135,1226,.480,.484,.475,.593,.888,.632
42,Tobias Harris\harrito02,2015-16,23,TOT,NBA,6.6,76,74,2513,417,889,337,650,80,239,202,243,96,414,510,169,65,40,108,153,1116,.469,.518,.335,.514,.831,.560
43,Dwight Howard\howardw01,2015-16,30,HOU,NBA,6.6,71,71,2280,372,600,372,594,0,6,232,474,238,597,835,98,69,113,166,219,976,.620,.626,.000,.620,.489,.604
44,Steven Adams\adamsst01,2015-16,22,OKC,NBA,6.5,80,80,2014,261,426,261,426,0,0,114,196,219,314,533,62,42,89,84,223,636,.613,.613,,.613,.582,.621
45,Carmelo Anthony\anthoca01,2015-16,31,NYK,NBA,6.4,72,72,2530,567,1307,462,997,105,310,334,403,98,458,556,299,62,38,176,180,1573,.434,.463,.339,.474,.829,.530
46,Chris Bosh\boshch01,2015-16,31,MIA,NBA,6.4,53,53,1778,358,767,277,545,81,222,213,268,48,342,390,128,36,34,78,101,1010,.467,.508,.365,.520,.795,.571
47,Luol Deng\denglu01,2015-16,30,MIA,NBA,6.4,74,73,2394,339,745,251,489,88,256,145,192,108,335,443,140,74,29,81,122,911,.455,.513,.344,.514,.755,.549
48,Rudy Gobert\goberru01,2015-16,23,UTA,NBA,6.4,61,60,1932,198,354,198,354,0,0,161,283,208,460,668,91,45,135,114,163,557,.559,.559,,.559,.569,.582
49,Danilo Gallinari\gallida01,2015-16,27,DEN,NBA,6.3,53,53,1839,287,700,200,461,87,239,375,432,52,229,281,135,42,19,77,87,1036,.410,.434,.364,.472,.868,.582
50,Cody Zeller\zelleco01,2015-16,23,CHO,NBA,6.3,73,60,1774,231,437,230,427,1,10,175,232,138,317,455,71,57,63,68,204,638,.529,.539,.100,.530,.754,.592
51,George Hill\hillge01,2015-16,29,IND,NBA,6.2,74,73,2524,326,739,198,425,128,314,114,150,58,240,298,259,83,17,101,149,894,.441,.466,.408,.528,.760,.555
52,Brook Lopez\lopezbr01,2015-16,27,BRK,NBA,6.2,73,73,2457,591,1157,589,1143,2,14,317,403,204,369,573,147,58,124,175,215,1501,.511,.515,.143,.512,.787,.562
53,Ian Mahinmi\mahinia01,2015-16,29,IND,NBA,6.2,71,71,1816,264,448,264,448,0,0,132,225,138,369,507,104,65,75,100,220,660,.589,.589,,.589,.587,.603
54,Khris Middleton\middlkh01,2015-16,24,MIL,NBA,6.1,79,79,2852,507,1142,364,781,143,361,277,312,44,258,302,331,131,19,180,204,1434,.444,.466,.396,.507,.888,.560
55,Mason Plumlee\plumlma01,2015-16,25,POR,NBA,6.1,82,82,2084,267,517,267,513,0,4,215,335,201,427,628,226,68,85,154,253,749,.516,.520,.000,.516,.642,.564
56,Rodney Hood\hoodro01,2015-16,23,UTA,NBA,6.0,79,79,2541,408,972,247,523,161,449,172,200,38,229,267,213,73,16,125,202,1149,.420,.472,.359,.503,.860,.542
57,CJ McCollum\mccolcj01,2015-16,24,POR,NBA,6.0,80,80,2780,641,1431,444,959,197,472,187,226,47,212,259,341,97,23,196,187,1666,.448,.463,.417,.517,.827,.544
58,Zaza Pachulia\pachuza01,2015-16,31,DAL,NBA,6.0,76,69,2004,219,470,219,467,0,3,212,276,249,469,718,128,64,22,119,181,650,.466,.469,.000,.466,.768,.550
59,Bismack Biyombo\biyombi01,2015-16,23,TOR,NBA,5.9,82,22,1808,156,288,156,287,0,1,142,226,182,473,655,29,19,133,71,225,454,.542,.544,.000,.542,.628,.586
60,Gorgui Dieng\dienggo01,2015-16,26,MIN,NBA,5.9,82,39,2220,308,579,302,559,6,20,205,248,157,428,585,143,94,96,140,219,827,.532,.540,.300,.537,.827,.601
61,Amir Johnson\johnsam01,2015-16,28,BOS,NBA,5.9,79,76,1800,249,426,239,383,10,43,69,121,178,327,505,138,52,83,94,214,577,.585,.624,.233,.596,.570,.602
62,Jeff Teague\teaguje01,2015-16,27,ATL,NBA,5.9,79,78,2255,434,988,324,713,110,275,261,312,33,181,214,470,97,24,218,167,1239,.439,.454,.400,.495,.837,.551
63,Robin Lopez\lopezro01,2015-16,27,NYK,NBA,5.8,82,82,2219,357,662,357,661,0,1,128,161,268,334,602,114,16,129,133,182,842,.539,.540,.000,.539,.795,.574
64,Tony Parker\parketo01,2015-16,33,SAS,NBA,5.8,72,72,1980,350,710,323,645,27,65,130,171,17,159,176,379,54,11,131,114,857,.493,.501,.415,.512,.760,.546
65,Ricky Rubio\rubiori01,2015-16,25,MIN,NBA,5.8,76,76,2323,219,586,157,396,62,190,266,314,40,286,326,658,162,10,193,201,766,.374,.396,.326,.427,.847,.529
66,DeMarcus Cousins\couside01,2015-16,25,SAC,NBA,5.7,65,65,2246,601,1332,531,1122,70,210,476,663,158,589,747,214,101,92,249,236,1748,.451,.473,.333,.477,.718,.538
67,Evan Fournier\fournev01,2015-16,23,ORL,NBA,5.7,79,71,2566,429,929,273,539,156,390,199,238,33,192,225,213,96,2,133,214,1213,.462,.506,.400,.546,.836,.587
68,John Wall\walljo01,2015-16,25,WAS,NBA,5.7,77,77,2784,572,1349,457,1021,115,328,272,344,42,337,379,789,145,59,318,159,1531,.424,.448,.351,.467,.791,.510
69,Otto Porter\porteot01,2015-16,22,WAS,NBA,5.6,75,73,2276,339,717,241,450,98,267,95,126,97,294,391,120,105,32,70,163,871,.473,.536,.367,.541,.754,.564
70,Kenneth Faried\farieke01,2015-16,26,DEN,NBA,5.5,67,64,1694,349,626,348,624,1,2,136,222,235,346,581,79,32,60,91,169,835,.558,.558,.500,.558,.613,.577
71,Serge Ibaka\ibakase01,2015-16,26,OKC,NBA,5.5,78,78,2500,416,869,356,685,60,184,91,121,141,392,533,66,38,148,108,211,983,.479,.520,.326,.513,.752,.533
72,J.R. Smith\smithjr01,2015-16,30,CLE,NBA,5.5,77,77,2362,353,850,149,340,204,510,45,71,43,174,217,130,81,21,59,204,955,.415,.438,.400,.535,.634,.542
73,Trevor Ariza\arizatr01,2015-16,30,HOU,NBA,5.4,81,81,2859,357,859,172,360,185,499,126,161,67,299,366,188,160,26,113,177,1025,.416,.478,.371,.523,.783,.551
74,Andrew Bogut\bogutan01,2015-16,31,GSW,NBA,5.4,70,66,1451,175,279,174,278,1,1,24,50,121,371,492,162,33,114,83,221,375,.627,.626,1.000,.629,.480,.623
75,Taj Gibson\gibsota01,2015-16,30,CHI,NBA,5.4,73,55,1936,263,500,263,497,0,3,101,146,206,298,504,106,47,77,78,180,627,.526,.529,.000,.526,.692,.556
76,Aaron Gordon\gordoaa01,2015-16,20,ORL,NBA,5.4,78,37,1863,274,579,232,437,42,142,129,193,154,353,507,128,59,55,66,153,719,.473,.531,.296,.509,.668,.541
77,Marcus Morris\morrima03,2015-16,26,DET,NBA,5.4,80,80,2856,410,945,302,647,108,298,203,271,91,313,404,201,67,23,140,170,1131,.434,.467,.362,.491,.749,.531
78,David West\westda01,2015-16,35,SAS,NBA,5.4,78,19,1404,244,448,241,441,3,7,63,80,72,237,309,143,44,55,68,142,554,.545,.546,.429,.548,.788,.573
79,Kentavious Caldwell-Pope\caldwke01,2015-16,22,DET,NBA,5.3,76,76,2789,403,960,289,591,114,369,185,228,70,212,282,138,110,17,105,167,1105,.420,.489,.309,.479,.811,.521
80,Mike Conley\conlemi01,2015-16,28,MEM,NBA,5.3,56,56,1761,294,696,216,481,78,215,191,229,26,138,164,342,67,16,84,100,857,.422,.449,.363,.478,.834,.538
81,Darren Collison\collida01,2015-16,28,SAC,NBA,5.2,74,15,2219,377,776,290,559,87,217,194,226,28,141,169,318,76,4,130,142,1035,.486,.519,.401,.542,.858,.591
82,Tim Duncan\duncati01,2015-16,39,SAS,NBA,5.2,61,60,1536,215,441,215,439,0,2,92,131,115,332,447,163,47,78,90,125,522,.488,.490,.000,.488,.702,.523
83,Nikola Vucevic\vucevni01,2015-16,25,ORL,NBA,5.2,65,60,2037,533,1046,531,1037,2,9,113,150,174,402,576,179,53,70,123,173,1181,.510,.512,.222,.511,.753,.531
84,Nicolas Batum\batumni01,2015-16,27,CHO,NBA,5.0,70,70,2448,372,873,233,474,139,399,163,192,55,373,428,403,65,43,205,114,1046,.426,.492,.348,.506,.849,.546
85,Kyrie Irving\irvinky01,2015-16,23,CLE,NBA,5.0,53,53,1667,394,879,310,617,84,262,169,191,44,113,157,249,56,18,124,107,1041,.448,.502,.321,.496,.885,.540
86,Harrison Barnes\barneha02,2015-16,23,GSW,NBA,4.9,66,59,2042,295,633,213,419,82,214,102,134,77,248,325,117,41,10,57,136,774,.466,.508,.383,.531,.761,.559
87,Victor Oladipo\oladivi01,2015-16,23,ORL,NBA,4.9,72,52,2379,425,970,327,688,98,282,205,247,48,297,345,282,116,54,153,174,1153,.438,.475,.348,.489,.830,.534
88,Dwyane Wade\wadedw01,2015-16,34,MIA,NBA,4.9,74,73,2258,540,1183,533,1139,7,44,322,406,82,220,302,344,79,42,203,116,1409,.456,.468,.159,.459,.793,.517
89,Avery Bradley\bradlav01,2015-16,25,BOS,NBA,4.8,76,72,2536,456,1019,309,612,147,407,96,123,48,172,220,158,117,19,109,164,1155,.447,.505,.361,.520,.780,.538
90,Patty Mills\millspa02,2015-16,27,SAS,NBA,4.8,81,3,1662,260,612,137,292,123,320,47,58,27,131,158,226,59,6,76,102,690,.425,.469,.384,.525,.810,.541
91,Jared Sullinger\sullija01,2015-16,23,BOS,NBA,4.8,81,73,1915,351,806,322,703,29,103,103,161,194,479,673,187,75,47,102,209,834,.435,.458,.282,.453,.640,.476
92,Goran Dragic\dragigo01,2015-16,29,MIA,NBA,4.7,72,72,2363,417,875,353,670,64,205,120,165,54,223,277,419,71,17,185,188,1018,.477,.527,.312,.513,.727,.537
93,Lou Williams\willilo02,2015-16,29,LAL,NBA,4.7,67,35,1907,283,693,173,373,110,320,352,424,31,138,169,167,62,19,107,107,1028,.408,.464,.344,.488,.830,.584
94,Jared Dudley\dudleja01,2015-16,30,WAS,NBA,4.6,81,41,2098,233,487,133,249,100,238,72,98,54,232,286,170,75,18,80,190,638,.478,.534,.420,.581,.735,.602
95,Shaun Livingston\livinsh01,2015-16,30,GSW,NBA,4.6,78,3,1520,203,379,201,367,2,12,80,93,42,127,169,237,57,27,78,140,488,.536,.548,.167,.538,.860,.581
96,Rajon Rondo\rondora01,2015-16,29,SAC,NBA,4.6,72,72,2537,355,782,293,612,62,170,87,150,77,358,435,839,141,10,278,175,859,.454,.479,.365,.494,.580,.506
97,Thabo Sefolosha\sefolth01,2015-16,31,ATL,NBA,4.5,75,11,1758,188,372,146,248,42,124,62,99,52,282,334,107,85,37,68,109,480,.505,.589,.339,.562,.626,.578
98,Patrick Beverley\beverpa01,2015-16,27,HOU,NBA,4.4,71,63,2041,258,594,134,284,124,310,60,88,73,177,250,239,94,26,91,234,700,.434,.472,.400,.539,.682,.553
99,Clint Capela\capelca01,2015-16,21,HOU,NBA,4.4,77,35,1471,231,397,231,396,0,1,80,211,194,300,494,47,59,92,60,190,542,.582,.583,.000,.582,.379,.553
100,Andre Iguodala\iguodan01,2015-16,32,GSW,NBA,4.4,65,1,1732,176,368,122,214,54,154,51,83,52,211,263,219,73,19,79,102,457,.478,.570,.351,.552,.614,.565
101,Ersan Ilyasova\ilyaser01,2015-16,28,TOT,NBA,4.4,74,56,1881,280,661,184,402,96,259,111,154,144,259,403,67,52,33,71,171,767,.424,.458,.371,.496,.721,.526
102,Kristaps Porzingis\porzikr01,2015-16,20,NYK,NBA,4.4,72,72,2047,373,886,292,643,81,243,201,240,132,394,526,94,53,134,121,205,1028,.421,.454,.333,.467,.838,.518
103,Will Barton\bartowi01,2015-16,25,DEN,NBA,4.3,82,1,2353,425,983,313,658,112,325,216,268,59,417,476,203,71,39,139,147,1178,.432,.476,.345,.489,.806,.535
104,Trevor Booker\booketr01,2015-16,28,UTA,NBA,4.3,79,2,1632,190,388,178,347,12,41,71,106,166,286,452,84,59,41,81,169,463,.490,.513,.293,.505,.670,.533
105,Allen Crabbe\crabbal01,2015-16,23,POR,NBA,4.3,81,8,2105,311,678,199,393,112,285,98,113,27,189,216,99,63,16,64,192,832,.459,.506,.393,.541,.867,.572
106,Monta Ellis\ellismo01,2015-16,30,IND,NBA,4.3,81,81,2734,436,1021,349,739,87,282,162,206,42,229,271,383,150,37,203,174,1121,.427,.472,.309,.470,.786,.504
107,Chandler Parsons\parsoch01,2015-16,27,DAL,NBA,4.3,61,51,1799,320,651,216,400,104,251,93,136,29,256,285,169,46,21,95,114,837,.492,.540,.414,.571,.684,.589
108,Zach Randolph\randoza01,2015-16,34,MEM,NBA,4.3,68,53,2016,431,907,425,881,6,26,172,216,179,350,529,142,43,13,105,146,1040,.475,.482,.231,.479,.796,.519
109,Danny Green\greenda02,2015-16,28,SAS,NBA,4.2,79,79,2062,211,561,95,212,116,349,34,46,48,255,303,141,79,64,75,141,572,.376,.448,.332,.480,.739,.492
110,Brandon Bass\bassbr01,2015-16,30,LAL,NBA,4.1,66,0,1342,174,317,174,315,0,2,125,148,104,181,285,74,33,55,42,125,473,.549,.552,.000,.549,.845,.619
111,Aron Baynes\baynear01,2015-16,29,DET,NBA,4.1,81,1,1233,194,384,194,382,0,2,126,165,140,244,384,51,21,52,67,151,514,.505,.508,.000,.505,.764,.563
112,Kent Bazemore\bazemke01,2015-16,26,ATL,NBA,4.1,75,68,2083,320,725,211,420,109,305,123,151,28,351,379,171,98,38,138,176,872,.441,.502,.357,.517,.815,.551
113,Kyle Korver\korveky01,2015-16,34,ATL,NBA,4.1,80,80,2401,268,616,110,219,158,397,45,54,14,246,260,164,60,35,98,161,739,.435,.502,.398,.563,.833,.578
114,Kelly Olynyk\olynyke01,2015-16,24,BOS,NBA,4.1,69,8,1395,253,556,168,346,85,210,96,128,72,209,281,105,52,33,74,163,687,.455,.486,.405,.531,.750,.561
115,Andrew Wiggins\wiggian01,2015-16,20,MIN,NBA,4.1,81,81,2845,594,1294,537,1104,57,190,430,565,105,186,291,164,78,46,182,165,1675,.459,.486,.300,.481,.761,.543
116,Thaddeus Young\youngth01,2015-16,27,BRK,NBA,4.1,73,73,2407,495,963,488,933,7,30,105,163,176,484,660,135,112,37,136,182,1102,.514,.523,.233,.518,.644,.533
117,Al-Farouq Aminu\aminual01,2015-16,25,POR,NBA,4.0,82,82,2341,299,719,173,370,126,349,115,156,98,401,499,138,72,53,120,171,839,.416,.468,.361,.503,.737,.533
118,Jose Calderon\caldejo01,2015-16,34,NYK,NBA,4.0,72,72,2024,209,455,125,252,84,203,42,48,22,207,229,298,63,7,87,135,544,.459,.496,.414,.552,.875,.571
119,Gary Harris\harriga01,2015-16,21,DEN,NBA,4.0,76,76,2439,359,765,254,468,105,297,109,133,54,166,220,147,97,18,98,143,932,.469,.543,.354,.538,.820,.566
120,Evan Turner\turneev01,2015-16,27,BOS,NBA,4.0,81,12,2271,343,753,323,670,20,83,148,179,50,347,397,359,80,28,169,139,854,.456,.482,.241,.469,.827,.513
121,Ryan Anderson\anderry01,2015-16,27,NOP,NBA,3.9,66,7,2008,397,929,266,571,131,358,199,228,131,265,396,73,38,25,90,109,1124,.427,.466,.366,.498,.873,.546
122,Jordan Hill\hilljo01,2015-16,28,IND,NBA,3.9,73,11,1513,278,549,278,548,0,1,89,125,156,295,451,87,36,37,92,155,645,.506,.507,.000,.506,.712,.534
123,Courtney Lee\leeco01,2015-16,30,TOT,NBA,3.9,79,65,2334,290,639,208,422,82,217,99,118,29,176,205,136,85,28,72,134,761,.454,.493,.378,.518,.839,.551
124,Nikola Mirotic\mirotni01,2015-16,24,CHI,NBA,3.9,66,38,1646,248,609,113,263,135,346,146,181,58,304,362,100,58,46,102,151,777,.407,.430,.390,.518,.807,.564
125,Willie Cauley-Stein\caulewi01,2015-16,22,SAC,NBA,3.8,66,39,1412,191,339,191,337,0,2,81,125,134,218,352,37,48,66,46,146,463,.563,.567,.000,.563,.648,.588
126,Mario Chalmers\chalmma01,2015-16,29,TOT,NBA,3.8,61,7,1373,182,444,136,295,46,149,218,262,24,133,157,230,88,13,110,181,628,.410,.461,.309,.462,.832,.561
127,Tyson Chandler\chandty01,2015-16,33,PHO,NBA,3.8,66,60,1618,183,314,183,313,0,1,106,171,175,401,576,64,36,44,93,145,472,.583,.585,.000,.583,.620,.606
128,Matthew Dellavedova\dellama01,2015-16,25,CLE,NBA,3.8,76,14,1867,207,511,109,272,98,239,57,66,33,129,162,337,44,9,116,178,569,.405,.401,.410,.501,.864,.527
129,Boris Diaw\diawbo01,2015-16,33,SAS,NBA,3.8,76,4,1386,202,383,177,314,25,69,56,76,58,175,233,176,26,21,97,102,485,.527,.564,.362,.560,.737,.582
130,Rudy Gay\gayru01,2015-16,29,SAC,NBA,3.8,70,70,2379,466,1007,392,792,74,215,198,254,103,353,456,120,100,51,139,184,1204,.463,.495,.344,.500,.780,.538
131,Manu Ginobili\ginobma01,2015-16,38,SAS,NBA,3.8,58,0,1134,197,435,127,256,70,179,91,112,26,120,146,177,66,11,99,99,555,.453,.496,.391,.533,.813,.573
132,Blake Griffin\griffbl01,2015-16,26,LAC,NBA,3.8,35,35,1170,301,603,295,585,6,18,141,194,51,243,294,170,28,17,83,95,749,.499,.504,.333,.504,.727,.544
133,Ramon Sessions\sessira01,2015-16,29,WAS,NBA,3.8,82,5,1667,280,592,244,481,36,111,214,283,25,178,203,239,46,5,115,102,810,.473,.507,.324,.503,.756,.565
134,Mirza Teletovic\teletmi01,2015-16,30,PHO,NBA,3.8,79,1,1686,332,777,151,317,181,460,120,155,55,247,302,89,32,21,84,159,965,.427,.476,.393,.544,.774,.571
135,Lavoy Allen\allenla01,2015-16,26,IND,NBA,3.7,79,28,1599,191,370,191,370,0,0,46,73,162,262,424,76,26,42,69,147,428,.516,.516,,.516,.630,.532
136,Marc Gasol\gasolma01,2015-16,31,MEM,NBA,3.7,52,52,1791,328,707,326,704,2,3,203,245,58,304,362,196,50,70,118,141,861,.464,.463,.667,.465,.829,.528
137,Wesley Matthews\matthwe02,2015-16,29,DAL,NBA,3.7,78,78,2644,331,854,142,329,189,525,126,146,27,211,238,151,78,17,78,179,977,.388,.432,.360,.498,.863,.532
138,Timofey Mozgov\mozgoti01,2015-16,29,CLE,NBA,3.7,76,48,1326,203,359,202,352,1,7,68,95,110,227,337,33,22,57,71,159,475,.565,.574,.143,.567,.716,.593
139,Deron Williams\willide01,2015-16,31,DAL,NBA,3.7,65,63,2106,321,775,224,493,97,282,179,206,19,171,190,378,61,14,150,155,918,.414,.454,.344,.477,.869,.530
140,Omri Casspi\casspom01,2015-16,27,SAC,NBA,3.6,69,21,1880,299,622,187,348,112,274,103,159,58,352,410,95,56,17,94,154,813,.481,.537,.409,.571,.648,.587
141,Jabari Parker\parkeja01,2015-16,20,MIL,NBA,3.6,76,72,2408,443,899,434,864,9,35,175,228,123,272,395,130,69,29,116,154,1070,.493,.502,.257,.498,.768,.535
142,Patrick Patterson\pattepa01,2015-16,26,TOR,NBA,3.6,79,0,2020,204,493,98,200,106,293,29,34,77,265,342,94,53,32,65,128,543,.414,.490,.362,.521,.853,.534
143,Terrence Ross\rosste01,2015-16,24,TOR,NBA,3.6,73,7,1747,270,626,139,287,131,339,49,62,21,164,185,56,54,25,46,120,720,.431,.484,.386,.536,.790,.551
144,Derrick Williams\willide02,2015-16,24,NYK,NBA,3.6,80,9,1435,254,565,210,415,44,150,194,256,47,249,296,75,29,9,61,69,746,.450,.506,.293,.488,.758,.550
145,Cole Aldrich\aldrico01,2015-16,27,LAC,NBA,3.5,60,5,800,134,225,134,225,0,0,60,84,86,202,288,50,47,68,64,139,328,.596,.596,,.596,.714,.626
146,Kyle Anderson\anderky01,2015-16,22,SAS,NBA,3.5,78,11,1245,138,295,126,258,12,37,62,83,25,219,244,123,60,29,59,97,350,.468,.488,.324,.488,.747,.528
147,Cory Joseph\josepco01,2015-16,24,TOR,NBA,3.5,80,4,2046,257,585,227,475,30,110,133,174,39,171,210,250,63,20,102,131,677,.439,.478,.273,.465,.764,.512
148,Kosta Koufos\koufoko01,2015-16,26,SAC,NBA,3.5,78,14,1482,236,444,236,444,0,0,57,104,169,254,423,33,40,70,48,185,529,.532,.532,,.532,.548,.540
149,Jeremy Lin\linje01,2015-16,27,CHO,NBA,3.5,78,13,2048,300,728,224,502,76,226,238,292,42,211,253,235,58,42,150,165,914,.412,.446,.336,.464,.815,.534
150,P.J. Tucker\tuckepj01,2015-16,30,PHO,NBA,3.5,82,80,2540,239,582,171,376,68,206,106,142,165,347,512,177,106,20,111,202,652,.411,.455,.330,.469,.746,.506
151,Jrue Holiday\holidjr01,2015-16,25,NOP,NBA,3.4,65,23,1831,410,935,323,676,87,259,182,216,27,168,195,391,88,22,167,148,1089,.439,.478,.336,.485,.843,.529
152,Boban Marjanovic\marjabo01,2015-16,27,SAS,NBA,3.4,54,4,508,105,174,105,174,0,0,87,114,73,121,194,21,12,23,29,54,297,.603,.603,,.603,.763,.662
153,Andre Roberson\roberan03,2015-16,24,OKC,NBA,3.4,70,70,1553,136,274,104,171,32,103,33,54,79,172,251,47,53,42,35,133,337,.496,.608,.311,.555,.611,.566
154,Jamal Crawford\crawfja01,2015-16,35,LAC,NBA,3.3,79,5,2126,379,939,262,595,117,344,245,271,20,125,145,183,52,12,113,122,1120,.404,.440,.340,.466,.904,.529
155,Langston Galloway\gallola01,2015-16,24,NYK,NBA,3.3,82,7,2033,231,588,154,364,77,224,86,114,43,245,288,207,77,22,61,177,625,.393,.423,.344,.458,.754,.490
156,Frank Kaminsky\kaminfr01,2015-16,22,CHO,NBA,3.3,81,3,1708,215,525,147,323,68,202,108,148,69,266,335,98,38,43,58,126,606,.410,.455,.337,.474,.730,.513
157,Luis Scola\scolalu01,2015-16,35,TOR,NBA,3.3,76,76,1636,269,598,204,437,65,161,61,84,84,276,360,66,46,27,68,178,664,.450,.467,.404,.504,.726,.523
158,Mike Scott\scottmi01,2015-16,27,ATL,NBA,3.2,75,0,1146,176,376,114,218,62,158,50,63,53,153,206,78,25,17,42,102,464,.468,.523,.392,.551,.794,.575
159,Jeff Green\greenje02,2015-16,29,TOT,NBA,3.1,80,41,2253,354,824,287,611,67,213,164,220,74,258,332,138,58,40,93,164,939,.430,.470,.315,.470,.745,.510
160,C.J. Miles\milescj01,2015-16,28,IND,NBA,3.1,64,24,1464,259,634,117,247,142,387,93,124,25,150,175,63,53,29,70,142,753,.409,.474,.367,.521,.750,.547
161,Dwight Powell\poweldw01,2015-16,24,DAL,NBA,3.1,69,2,992,146,296,144,280,2,16,105,142,84,189,273,44,36,24,40,118,399,.493,.514,.125,.497,.739,.557
162,Myles Turner\turnemy01,2015-16,19,IND,NBA,3.1,60,30,1367,264,530,261,516,3,14,88,121,68,264,332,41,25,86,67,158,619,.498,.506,.214,.501,.727,.531
163,Channing Frye\fryech01,2015-16,32,TOT,NBA,3.0,70,32,1200,152,347,61,112,91,235,30,35,35,199,234,71,29,28,43,127,425,.438,.545,.387,.569,.857,.586
164,David Lee\leeda02,2015-16,32,TOT,NBA,3.0,55,5,903,178,335,178,334,0,1,71,93,101,204,305,84,22,28,66,114,427,.531,.533,.000,.531,.763,.568
165,Nerlens Noel\noelne01,2015-16,21,PHI,NBA,3.0,67,62,1965,306,587,305,585,1,2,134,227,154,388,542,122,118,100,158,192,747,.521,.521,.500,.522,.590,.544
166,Maurice Harkless\harklma01,2015-16,22,POR,NBA,2.9,78,14,1457,195,411,156,271,39,140,69,111,101,179,280,67,49,35,62,124,498,.474,.576,.279,.522,.622,.541
167,Marcus Smart\smartma01,2015-16,21,BOS,NBA,2.9,61,10,1667,184,529,123,288,61,241,129,166,76,179,255,185,91,18,80,183,558,.348,.427,.253,.405,.777,.463
168,J.J. Barea\bareajo01,2015-16,31,DAL,NBA,2.8,74,16,1667,317,711,217,451,100,260,74,96,26,126,152,302,26,2,113,110,808,.446,.481,.385,.516,.771,.536
169,Al Jefferson\jeffeal01,2015-16,31,CHO,NBA,2.8,47,18,1096,245,505,245,505,0,0,72,111,57,244,301,70,30,41,34,117,562,.485,.485,,.485,.649,.507
170,Doug McDermott\mcderdo01,2015-16,24,CHI,NBA,2.8,81,4,1861,291,644,181,385,110,259,72,84,37,158,195,59,14,6,53,127,764,.452,.470,.425,.537,.857,.561
171,Anthony Tolliver\tollian01,2015-16,30,DET,NBA,2.8,72,5,1341,128,332,30,60,98,272,29,47,39,190,229,52,26,16,28,86,383,.386,.500,.360,.533,.617,.543
172,Arron Afflalo\afflaar01,2015-16,30,NYK,NBA,2.7,71,57,2371,354,799,263,561,91,238,110,131,23,243,266,144,25,10,82,142,909,.443,.469,.382,.500,.840,.531
173,Bradley Beal\bealbr01,2015-16,22,WAS,NBA,2.7,55,35,1708,359,799,254,528,105,271,135,176,41,147,188,162,54,11,112,117,958,.449,.481,.387,.515,.767,.547
174,Festus Ezeli\ezelife01,2015-16,26,GSW,NBA,2.7,46,13,770,125,228,125,228,0,0,70,132,91,166,257,32,18,50,38,94,320,.548,.548,,.548,.530,.559
175,Raymond Felton\feltora01,2015-16,31,DAL,NBA,2.7,80,31,2192,277,682,217,469,60,213,149,176,36,222,258,284,68,15,121,141,763,.406,.463,.282,.450,.847,.502
176,Nene Hilario\hilarne01,2015-16,33,WAS,NBA,2.7,57,11,1094,209,384,209,381,0,3,107,185,52,207,259,97,54,26,76,156,525,.544,.549,.000,.544,.578,.564
177,Richard Jefferson\jefferi01,2015-16,35,CLE,NBA,2.7,74,5,1326,143,312,77,139,66,173,58,87,15,113,128,59,33,14,43,129,410,.458,.554,.382,.564,.667,.585
178,Joe Johnson\johnsjo02,2015-16,34,TOT,NBA,2.7,81,81,2703,377,859,257,546,120,313,118,142,49,243,292,318,61,4,159,146,992,.439,.471,.383,.509,.831,.538
179,Jeremy Lamb\lambje01,2015-16,23,CHO,NBA,2.7,66,0,1227,230,510,174,329,56,181,64,88,44,208,252,77,42,30,50,105,580,.451,.529,.309,.506,.727,.529
180,Jon Leuer\leuerjo01,2015-16,26,PHO,NBA,2.7,67,27,1255,224,466,182,356,42,110,77,101,76,297,373,72,38,30,75,125,567,.481,.511,.382,.526,.762,.555
181,Shabazz Muhammad\muhamsh01,2015-16,23,MIN,NBA,2.7,82,0,1682,317,681,273,529,44,152,185,242,100,167,267,52,24,7,70,94,863,.465,.516,.289,.498,.764,.548
182,Garrett Temple\templga01,2015-16,29,WAS,NBA,2.7,80,43,1951,201,505,112,247,89,258,91,125,36,176,212,140,69,18,64,195,582,.398,.453,.345,.486,.728,.520
183,D.J. Augustin\augusdj01,2015-16,28,TOT,NBA,2.6,62,0,1178,148,350,80,182,68,168,103,128,8,87,95,198,38,4,84,85,467,.423,.440,.405,.520,.805,.575
184,Matt Barnes\barnema02,2015-16,35,MEM,NBA,2.6,76,45,2190,264,693,145,323,119,370,111,138,84,336,420,163,78,57,121,234,758,.381,.449,.322,.467,.804,.503
185,JaMychal Green\greenja01,2015-16,25,MEM,NBA,2.6,78,15,1446,230,495,215,450,15,45,103,137,139,234,373,67,46,33,83,189,578,.465,.478,.333,.480,.752,.520
186,Wesley Johnson\johnswe01,2015-16,28,LAC,NBA,2.6,80,9,1666,208,515,105,206,103,309,30,46,37,211,248,49,89,56,54,173,549,.404,.510,.333,.504,.652,.513
187,Zach LaVine\lavinza01,2015-16,20,MIN,NBA,2.6,82,33,2294,433,959,310,643,123,316,161,203,27,201,228,251,69,17,155,193,1150,.452,.482,.389,.516,.793,.548
188,Quincy Acy\acyqu01,2015-16,25,SAC,NBA,2.5,59,29,876,119,214,100,165,19,49,50,68,65,123,188,27,29,24,27,103,307,.556,.606,.388,.600,.735,.629
189,Eric Bledsoe\bledser01,2015-16,26,PHO,NBA,2.5,31,31,1059,223,492,175,363,48,129,138,172,18,107,125,190,63,19,110,75,632,.453,.482,.372,.502,.802,.557
190,Toney Douglas\douglto01,2015-16,29,NOP,NBA,2.5,61,18,1262,183,445,102,242,81,203,84,99,25,118,143,157,70,5,64,131,531,.411,.421,.399,.502,.848,.543
191,Devin Harris\harride01,2015-16,32,DAL,NBA,2.5,64,0,1280,167,374,115,216,52,158,101,140,18,120,138,118,60,13,66,124,487,.447,.532,.329,.516,.721,.559
192,Josh Richardson\richajo01,2015-16,22,MIA,NBA,2.5,52,2,1107,123,272,70,157,53,115,42,63,21,86,107,73,36,25,35,107,341,.452,.446,.461,.550,.667,.569
193,Justise Winslow\winslju01,2015-16,19,MIA,NBA,2.5,78,8,2232,195,462,163,346,32,116,80,117,81,322,403,117,68,26,95,184,502,.422,.471,.276,.457,.684,.489
194,Tony Allen\allento01,2015-16,34,MEM,NBA,2.4,64,57,1620,215,469,200,427,15,42,90,138,104,192,296,70,110,18,78,175,535,.458,.468,.357,.474,.652,.505
195,Jerryd Bayless\bayleje01,2015-16,27,MIL,NBA,2.4,52,18,1505,185,437,84,206,101,231,70,90,21,120,141,163,47,11,73,111,541,.423,.408,.437,.539,.778,.568
196,Dewayne Dedmon\dedmode01,2015-16,26,ORL,NBA,2.4,58,20,705,99,177,99,177,0,0,57,76,67,161,228,13,22,46,32,109,255,.559,.559,,.559,.750,.606
197,Jonas Jerebko\jerebjo01,2015-16,28,BOS,NBA,2.4,78,0,1176,118,286,75,178,43,108,61,78,77,211,288,62,20,24,52,137,340,.413,.421,.398,.488,.782,.531
198,Amar'e Stoudemire\stoudam01,2015-16,33,MIA,NBA,2.4,52,36,762,125,221,125,221,0,0,50,67,65,157,222,27,18,41,47,92,300,.566,.566,,.566,.746,.599
199,Darrell Arthur\arthuda01,2015-16,27,DEN,NBA,2.3,70,16,1516,221,489,176,372,45,117,40,53,86,207,293,96,53,48,66,185,527,.452,.473,.385,.498,.755,.514
200,John Henson\hensojo01,2015-16,25,MIL,NBA,2.3,57,1,960,164,291,164,290,0,1,69,117,87,134,221,54,18,109,64,131,397,.564,.566,.000,.564,.590,.580
201,Joe Ingles\inglejo01,2015-16,28,UTA,NBA,2.3,81,2,1241,124,291,43,81,81,210,13,18,19,132,151,96,55,4,65,98,342,.426,.531,.386,.565,.722,.572
202,Joffrey Lauvergne\lauvejo01,2015-16,24,DEN,NBA,2.3,59,15,1041,195,380,182,327,13,53,62,69,77,213,290,56,13,15,54,115,465,.513,.557,.245,.530,.899,.567
203,Trey Lyles\lylestr01,2015-16,20,UTA,NBA,2.3,80,33,1382,191,436,142,308,49,128,57,82,59,240,299,59,26,18,65,114,488,.438,.461,.383,.494,.695,.517
204,Jeff Withey\witheje01,2015-16,25,UTA,NBA,2.3,51,10,658,87,162,87,160,0,2,43,59,56,117,173,20,21,53,28,75,217,.537,.544,.000,.537,.729,.577
205,Roy Hibbert\hibbero01,2015-16,29,LAL,NBA,2.2,81,81,1878,182,411,182,409,0,2,117,145,132,266,398,95,32,110,76,252,481,.443,.445,.000,.443,.807,.507
206,Meyers Leonard\leoname01,2015-16,23,POR,NBA,2.2,61,10,1333,195,435,109,207,86,228,35,46,51,263,314,92,8,18,77,183,511,.448,.527,.377,.547,.761,.561
207,Larry Nance\nancela02,2015-16,23,LAL,NBA,2.2,63,22,1266,158,300,157,290,1,10,32,47,101,211,312,44,54,23,41,124,349,.527,.541,.100,.528,.681,.544
208,Elfrid Payton\paytoel01,2015-16,21,ORL,NBA,2.2,73,69,2145,318,730,288,638,30,92,112,190,77,184,261,468,89,20,177,159,778,.436,.451,.326,.456,.589,.478
209,Miles Plumlee\plumlmi01,2015-16,27,MIL,NBA,2.2,61,14,870,140,233,140,233,0,0,34,59,94,138,232,16,21,50,40,73,314,.601,.601,,.601,.576,.606
210,Dennis Schroder\schrode01,2015-16,22,ATL,NBA,2.2,80,6,1621,329,781,252,542,77,239,144,182,25,179,204,349,70,9,183,138,879,.421,.465,.322,.471,.791,.510
211,Lance Stephenson\stephla01,2015-16,25,TOT,NBA,2.2,69,13,1372,228,474,198,396,30,78,87,111,40,183,223,133,43,9,94,135,573,.481,.500,.385,.513,.784,.548
212,T.J. Warren\warretj01,2015-16,22,PHO,NBA,2.2,47,4,1070,221,441,193,371,28,70,45,64,57,90,147,44,37,16,32,94,515,.501,.520,.400,.533,.703,.549
213,Leandro Barbosa\barbole01,2015-16,33,GSW,NBA,2.1,68,0,1079,171,370,132,260,39,110,52,62,28,89,117,82,44,10,53,107,433,.462,.508,.355,.515,.839,.545
214,Trey Burke\burketr01,2015-16,23,UTA,NBA,2.1,64,0,1366,262,634,174,378,88,256,67,82,18,94,112,148,35,6,80,86,679,.413,.460,.344,.483,.817,.507
215,Jordan Clarkson\clarkjo01,2015-16,23,LAL,NBA,2.1,79,79,2552,475,1098,364,778,111,320,164,204,93,220,313,192,88,7,135,168,1225,.433,.468,.347,.483,.804,.516
216,Dante Cunningham\cunnida01,2015-16,28,NOP,NBA,2.1,80,46,1971,186,412,131,238,55,174,57,82,57,179,236,77,42,33,41,173,484,.451,.550,.316,.518,.695,.540
217,Eric Gordon\gordoer01,2015-16,27,NOP,NBA,2.1,45,44,1481,231,552,118,258,113,294,111,125,10,89,99,121,43,14,73,98,686,.418,.457,.384,.521,.888,.565
218,Jerami Grant\grantje01,2015-16,21,PHI,NBA,2.1,77,52,2066,251,599,216,453,35,146,212,322,99,262,361,135,54,127,110,215,749,.419,.477,.240,.448,.658,.506
219,Solomon Hill\hillso01,2015-16,24,IND,NBA,2.1,59,3,866,93,208,69,134,24,74,36,42,39,127,166,57,37,11,33,68,246,.447,.515,.324,.505,.857,.543
220,Carl Landry\landrca01,2015-16,32,PHI,NBA,2.1,36,12,569,139,250,133,237,6,13,67,91,49,97,146,32,12,9,22,69,351,.556,.561,.462,.568,.736,.605
221,Dion Waiters\waitedi01,2015-16,24,OKC,NBA,2.1,78,15,2152,282,706,196,466,86,240,112,157,36,166,202,154,81,15,120,143,762,.399,.421,.358,.460,.713,.492
222,Robert Covington\covinro01,2015-16,25,PHI,NBA,2.0,67,49,1903,274,712,104,230,170,482,140,177,65,354,419,97,105,40,143,232,858,.385,.452,.353,.504,.791,.543
223,Gerald Henderson\hendege02,2015-16,28,POR,NBA,2.0,72,0,1431,232,529,184,393,48,136,112,146,30,181,211,75,39,19,68,87,624,.439,.468,.353,.484,.767,.526
224,Tyler Johnson\johnsty01,2015-16,23,MIA,NBA,2.0,36,5,863,118,243,91,172,27,71,51,64,28,81,109,79,24,14,47,66,314,.486,.529,.380,.541,.797,.579
225,Brandon Rush\rushbr01,2015-16,30,GSW,NBA,2.0,72,25,1055,111,260,46,103,65,157,18,28,21,160,181,57,20,23,33,57,305,.427,.447,.414,.552,.643,.560
226,Jonathon Simmons\simmojo02,2015-16,26,SAS,NBA,2.0,55,2,813,122,242,104,195,18,47,69,92,16,80,96,58,24,5,53,103,331,.504,.533,.383,.541,.750,.586
227,Donald Sloan\sloando01,2015-16,28,BRK,NBA,2.0,61,33,1318,154,350,116,251,38,99,78,104,17,156,173,268,32,4,80,73,424,.440,.462,.384,.494,.750,.536
228,Rodney Stuckey\stuckro01,2015-16,29,IND,NBA,2.0,58,1,1275,183,443,163,360,20,83,131,158,19,137,156,142,43,8,76,77,517,.413,.453,.241,.436,.829,.504
229,Nemanja Bjelica\bjeline01,2015-16,27,MIN,NBA,1.9,60,0,1075,110,235,62,110,48,125,40,55,49,161,210,83,26,21,47,154,308,.468,.564,.384,.570,.727,.594
230,Devin Booker\bookede01,2015-16,19,PHO,NBA,1.9,76,51,2108,367,867,268,578,99,289,215,256,27,160,187,200,44,20,160,225,1048,.423,.464,.343,.480,.840,.535
231,Alonzo Gee\geeal01,2015-16,28,NOP,NBA,1.9,73,38,1632,132,255,115,195,17,60,44,66,60,185,245,72,63,13,55,169,325,.518,.590,.283,.551,.667,.572
232,Tim Hardaway\hardati02,2015-16,23,ATL,NBA,1.9,51,1,864,114,265,66,123,48,142,50,56,7,79,86,51,21,7,23,48,326,.430,.537,.338,.521,.893,.563
233,Spencer Hawes\hawessp01,2015-16,27,CHO,NBA,1.9,57,6,1035,124,306,86,204,38,102,54,65,51,193,244,109,22,27,58,111,340,.405,.422,.373,.467,.831,.508
234,T.J. McConnell\mccontj01,2015-16,23,PHI,NBA,1.9,81,17,1606,218,464,187,375,31,89,26,41,43,207,250,367,95,10,140,114,493,.470,.499,.348,.503,.634,.511
235,Anthony Morrow\morroan01,2015-16,30,OKC,NBA,1.9,68,6,926,136,333,57,129,79,204,29,39,10,52,62,24,22,5,17,64,380,.408,.442,.387,.527,.744,.543
236,Austin Rivers\riverau01,2015-16,23,LAC,NBA,1.9,67,7,1464,226,516,164,331,62,185,79,116,22,108,130,99,48,9,61,137,593,.438,.495,.335,.498,.681,.523
237,Vince Carter\cartevi01,2015-16,39,MEM,NBA,1.8,60,3,1005,133,343,74,174,59,169,70,84,31,115,146,56,38,16,35,101,395,.388,.425,.349,.474,.833,.520
238,E'Twaun Moore\mooreet01,2015-16,26,CHI,NBA,1.8,59,22,1263,187,389,140,285,47,104,22,35,19,114,133,99,37,18,53,103,443,.481,.491,.452,.541,.629,.548
239,Raul Neto\netora01,2015-16,23,UTA,NBA,1.8,81,53,1499,180,418,116,256,64,162,52,70,17,103,120,174,62,2,109,122,476,.431,.453,.395,.507,.743,.530
240,Jason Smith\smithja02,2015-16,29,ORL,NBA,1.8,76,2,1181,244,503,240,487,4,16,54,67,53,166,219,62,33,65,57,163,546,.485,.493,.250,.489,.806,.513
241,Marreese Speights\speigma01,2015-16,28,GSW,NBA,1.8,72,0,832,197,456,173,394,24,62,94,114,77,162,239,61,19,34,66,117,512,.432,.439,.387,.458,.825,.506
242,Omer Asik\asikom01,2015-16,29,NOP,NBA,1.7,68,64,1178,104,195,104,195,0,0,61,112,120,294,414,26,21,23,60,124,269,.533,.533,,.533,.545,.551
243,Gerald Green\greenge01,2015-16,30,MIA,NBA,1.7,69,14,1557,230,587,146,327,84,260,72,92,25,138,163,56,38,19,46,123,616,.392,.446,.323,.463,.783,.491
244,Brandon Knight\knighbr03,2015-16,24,PHO,NBA,1.7,52,50,1870,371,895,251,544,120,351,156,183,36,166,202,263,61,20,177,124,1018,.415,.461,.342,.482,.852,.522
245,Iman Shumpert\shumpim01,2015-16,25,CLE,NBA,1.7,54,5,1316,114,305,71,159,43,146,40,51,32,171,203,92,54,19,57,119,311,.374,.447,.295,.444,.784,.475
246,Tiago Splitter\splitti01,2015-16,31,ATL,NBA,1.7,36,2,579,81,155,81,153,0,2,39,48,45,75,120,30,20,12,24,71,201,.523,.529,.000,.523,.813,.571
247,Lance Thomas\thomala01,2015-16,27,NYK,NBA,1.7,59,5,1313,169,382,125,273,44,109,102,119,34,97,131,53,22,7,57,109,484,.442,.458,.404,.500,.857,.557
248,Marcus Thornton\thornma01,2015-16,28,TOT,NBA,1.7,61,8,1109,216,542,125,272,91,270,67,79,38,112,150,85,47,4,51,90,590,.399,.460,.337,.482,.848,.511
249,Tyler Zeller\zellety01,2015-16,26,BOS,NBA,1.7,60,3,710,138,290,138,290,0,0,88,108,62,116,178,29,10,22,46,97,364,.476,.476,,.476,.815,.539
250,Kris Humphries\humphkr01,2015-16,30,TOT,NBA,1.6,53,17,835,121,295,87,187,34,108,67,84,57,161,218,36,16,23,38,94,343,.410,.465,.315,.468,.798,.517
251,Luc Mbah a Moute\mbahalu01,2015-16,29,LAC,NBA,1.6,75,61,1274,94,207,81,167,13,40,30,57,60,111,171,30,44,19,34,100,231,.454,.485,.325,.486,.526,.498
252,Mike Muscala\muscami01,2015-16,24,ATL,NBA,1.6,60,0,565,76,152,64,113,12,39,31,39,38,79,117,34,13,27,27,72,195,.500,.566,.308,.539,.795,.576
253,Andrew Nicholson\nichoan01,2015-16,26,ORL,NBA,1.6,56,0,823,146,310,105,196,41,114,51,65,34,167,201,25,10,22,41,69,384,.471,.536,.360,.537,.785,.567
254,Kyle O'Quinn\oquinky01,2015-16,25,NYK,NBA,1.6,65,1,764,129,271,124,249,5,22,46,60,76,174,250,72,20,49,61,107,309,.476,.498,.227,.485,.767,.520
255,Norman Powell\powelno01,2015-16,22,TOR,NBA,1.6,49,24,725,97,229,61,140,36,89,43,53,16,95,111,47,29,10,32,59,273,.424,.436,.404,.502,.811,.541
256,Julius Randle\randlju01,2015-16,21,LAL,NBA,1.6,81,60,2286,358,835,348,799,10,36,193,270,172,657,829,144,53,29,149,242,919,.429,.436,.278,.435,.715,.482
257,Jason Thompson\thompja02,2015-16,29,TOT,NBA,1.6,47,7,471,52,108,47,93,5,15,38,54,32,102,134,29,12,20,15,80,147,.481,.505,.333,.505,.704,.558
258,Alec Burks\burksal01,2015-16,24,UTA,NBA,1.5,31,3,797,137,334,105,255,32,79,106,141,16,93,109,63,18,4,51,71,412,.410,.412,.405,.458,.752,.520
259,Richaun Holmes\holmeri01,2015-16,22,PHI,NBA,1.5,51,1,702,114,222,106,178,8,44,51,74,62,73,135,33,19,40,32,92,287,.514,.596,.182,.532,.689,.564
260,Brandon Jennings\jennibr01,2015-16,26,TOT,NBA,1.5,48,7,868,112,304,61,149,51,155,57,78,16,80,96,170,29,7,57,57,332,.368,.409,.329,.452,.731,.491
261,Terrence Jones\joneste01,2015-16,24,HOU,NBA,1.5,50,11,1044,166,367,141,288,25,79,77,116,62,149,211,41,23,39,49,86,434,.452,.490,.316,.486,.664,.519
262,Bobby Portis\portibo01,2015-16,20,CHI,NBA,1.5,62,4,1102,186,436,170,384,16,52,48,66,123,214,337,52,25,22,54,100,436,.427,.443,.308,.445,.727,.469
263,Pablo Prigioni\prigipa01,2015-16,38,LAC,NBA,1.5,59,3,823,55,147,27,52,28,95,7,8,38,76,114,130,53,1,49,82,145,.374,.519,.295,.469,.875,.482
264,Jason Terry\terryja01,2015-16,38,HOU,NBA,1.5,72,7,1258,151,376,58,115,93,261,27,33,14,65,79,103,47,9,49,91,422,.402,.504,.356,.525,.818,.540
265,Chase Budinger\budinch01,2015-16,27,TOT,NBA,1.4,66,2,929,104,239,80,153,24,86,39,56,43,107,150,64,32,10,44,62,271,.435,.523,.279,.485,.696,.514
266,Isaiah Canaan\canaais01,2015-16,24,PHI,NBA,1.4,77,39,1966,260,722,84,237,176,485,150,180,20,154,174,137,56,12,91,133,846,.360,.354,.363,.482,.833,.528
267,Seth Curry\curryse01,2015-16,25,SAC,NBA,1.4,44,9,692,102,224,52,113,50,111,45,54,9,51,60,67,22,3,36,41,299,.455,.460,.450,.567,.833,.603
268,Tyreke Evans\evansty01,2015-16,26,NOP,NBA,1.4,25,25,765,136,314,103,229,33,85,74,93,20,109,129,164,32,8,73,66,379,.433,.450,.388,.486,.796,.534
269,Shane Larkin\larkish01,2015-16,23,BRK,NBA,1.4,78,17,1751,222,502,183,394,39,108,83,107,28,152,180,342,95,12,146,121,566,.442,.464,.361,.481,.776,.515
270,Gary Neal\nealga01,2015-16,31,WAS,NBA,1.4,40,2,807,151,325,110,225,41,100,47,55,11,72,83,47,20,1,29,55,390,.465,.489,.410,.528,.855,.558
271,Cameron Payne\payneca01,2015-16,21,OKC,NBA,1.4,57,1,698,114,278,78,167,36,111,19,24,9,76,85,108,36,6,44,80,283,.410,.467,.324,.475,.792,.490
272,Ronnie Price\pricero01,2015-16,32,PHO,NBA,1.4,62,18,1211,116,302,48,106,68,196,31,41,25,74,99,147,74,13,70,161,331,.384,.453,.347,.497,.756,.517
273,Chris Andersen\anderch01,2015-16,37,TOT,NBA,1.3,27,15,402,38,72,34,58,4,14,25,36,36,62,98,12,15,13,9,29,105,.528,.586,.286,.556,.694,.598
274,Rasual Butler\butlera01,2015-16,36,SAS,NBA,1.3,46,0,432,49,104,34,55,15,49,11,16,3,53,56,24,13,23,8,11,124,.471,.618,.306,.543,.688,.558
275,James Johnson\johnsja01,2015-16,28,TOR,NBA,1.3,57,32,926,114,240,94,174,20,66,39,68,28,98,126,67,29,33,54,84,287,.475,.540,.303,.517,.574,.532
276,Alex Len\lenal01,2015-16,22,PHO,NBA,1.3,78,46,1821,264,624,263,617,1,7,174,239,178,416,594,97,38,62,145,230,703,.423,.426,.143,.424,.728,.482
277,Shelvin Mack\macksh01,2015-16,25,TOT,NBA,1.3,52,27,1058,182,415,143,290,39,125,45,61,13,115,128,187,34,3,95,72,448,.439,.493,.312,.486,.738,.507
278,Salah Mejri\mejrisa01,2015-16,29,DAL,NBA,1.3,34,6,397,49,78,49,77,0,1,27,46,41,82,123,10,8,36,23,54,125,.628,.636,.000,.628,.587,.636
279,Ish Smith\smithis01,2015-16,27,TOT,NBA,1.3,77,53,2239,397,967,341,797,56,170,122,176,43,262,305,502,88,24,175,133,972,.411,.428,.329,.440,.693,.465
280,Corey Brewer\breweco01,2015-16,29,HOU,NBA,1.2,82,12,1669,212,552,151,328,61,224,105,140,42,157,199,109,84,19,78,168,590,.384,.460,.272,.439,.750,.481
281,Reggie Bullock\bullore01,2015-16,24,DET,NBA,1.2,37,0,429,43,98,21,45,22,53,14,15,14,54,68,27,10,2,8,29,122,.439,.467,.415,.551,.933,.583
282,DeMarre Carroll\carrode01,2015-16,29,TOR,NBA,1.2,26,22,786,105,270,59,152,46,118,30,50,31,91,122,27,44,6,28,63,286,.389,.388,.390,.474,.600,.490
283,Michael Carter-Williams\cartemi01,2015-16,24,MIL,NBA,1.2,54,37,1649,251,555,236,500,15,55,106,162,48,228,276,281,80,41,153,162,623,.452,.472,.273,.466,.654,.497
284,Cristiano Felicio\feliccr01,2015-16,23,CHI,NBA,1.2,31,4,321,40,72,40,68,0,4,25,35,30,72,102,26,6,13,13,31,105,.556,.588,.000,.556,.714,.601
285,Rondae Hollis-Jefferson\holliro01,2015-16,21,BRK,NBA,1.2,29,17,615,63,138,59,124,4,14,37,52,39,115,154,43,39,16,26,61,167,.457,.476,.286,.471,.712,.519
286,James Jones\jonesja02,2015-16,35,CLE,NBA,1.2,48,0,463,58,142,17,38,41,104,21,26,8,42,50,14,11,10,13,50,178,.408,.447,.394,.553,.808,.580
287,Kevin Martin\martike02,2015-16,32,TOT,NBA,1.2,55,13,1095,156,419,107,283,49,136,153,172,14,96,110,58,26,3,54,83,514,.372,.378,.360,.431,.890,.520
288,Jahlil Okafor\okafoja01,2015-16,20,PHI,NBA,1.2,53,48,1591,397,781,396,775,1,6,133,194,122,251,373,65,22,61,124,140,928,.508,.511,.167,.509,.686,.536
289,Willie Reed\reedwi02,2015-16,25,BRK,NBA,1.2,39,2,426,76,133,76,133,0,0,30,55,49,73,122,10,6,30,16,47,182,.571,.571,,.571,.545,.579
290,Hollis Thompson\thompho01,2015-16,24,PHI,NBA,1.2,77,17,2154,270,680,121,288,149,392,69,96,54,218,272,99,36,24,76,187,758,.397,.420,.380,.507,.719,.525
291,Noah Vonleh\vonleno01,2015-16,20,POR,NBA,1.2,78,56,1174,117,278,106,232,11,46,38,51,91,214,305,30,27,26,50,152,283,.421,.457,.239,.441,.745,.471
292,Justin Anderson\anderju01,2015-16,22,DAL,NBA,1.1,55,9,647,71,175,49,92,22,83,44,55,18,114,132,29,19,25,24,45,208,.406,.533,.265,.469,.800,.522
293,Luke Babbitt\babbilu01,2015-16,26,NOP,NBA,1.1,47,13,845,122,289,78,180,44,109,39,50,25,123,148,53,11,7,23,90,327,.422,.433,.404,.498,.780,.526
294,Steve Blake\blakest01,2015-16,35,DET,NBA,1.1,58,2,986,93,240,41,89,52,151,16,20,9,80,89,200,24,5,81,70,254,.388,.461,.344,.496,.800,.510
295,Troy Daniels\danietr01,2015-16,24,CHO,NBA,1.1,43,0,476,89,187,30,65,59,122,5,9,7,50,57,21,11,3,24,40,242,.476,.462,.484,.634,.556,.634
296,Kevin Garnett\garneke01,2015-16,39,MIN,NBA,1.1,38,38,556,54,115,54,114,0,1,14,21,15,135,150,62,28,10,16,70,122,.470,.474,.000,.470,.667,.491
297,Chris Johnson\johnsch04,2015-16,25,UTA,NBA,1.1,70,2,857,72,194,45,95,27,99,34,42,27,105,132,45,32,20,40,100,205,.371,.474,.273,.441,.810,.482
298,JaVale McGee\mcgeeja01,2015-16,28,DAL,NBA,1.1,34,2,370,77,134,77,133,0,1,18,36,53,80,133,3,5,26,21,49,172,.575,.579,.000,.575,.500,.574
299,Joakim Noah\noahjo01,2015-16,30,CHI,NBA,1.1,29,2,635,51,133,51,132,0,1,22,45,87,168,255,110,18,29,52,77,124,.383,.386,.000,.383,.489,.406
300,Kyle Singler\singlky01,2015-16,27,OKC,NBA,1.1,68,2,977,86,221,56,124,30,97,29,44,50,91,141,24,30,9,32,120,231,.389,.452,.309,.457,.659,.481
301,Sasha Vujacic\vujacsa01,2015-16,31,NYK,NBA,1.1,61,25,908,106,277,54,134,52,143,32,39,26,123,149,84,34,5,44,83,296,.383,.403,.364,.477,.821,.503
302,Mo Williams\willima01,2015-16,33,CLE,NBA,1.1,41,14,748,132,302,96,200,36,102,38,42,6,66,72,98,14,5,57,60,338,.437,.480,.353,.497,.905,.527
303,Alexis Ajinca\ajincal01,2015-16,27,NOP,NBA,1.0,59,17,861,150,315,150,314,0,1,52,62,75,194,269,31,19,36,54,134,352,.476,.478,.000,.476,.839,.514
304,Michael Beasley\beaslmi01,2015-16,27,HOU,NBA,1.0,20,0,363,107,205,104,196,3,9,38,49,29,69,98,16,11,9,24,39,255,.522,.531,.333,.529,.776,.563
305,Tim Frazier\fraziti01,2015-16,25,TOT,NBA,1.0,51,2,741,96,229,80,181,16,48,53,74,26,84,110,162,33,2,65,73,261,.419,.442,.333,.454,.716,.499
306,Tyler Hansbrough\hansbty01,2015-16,30,CHO,NBA,1.0,44,0,343,32,71,30,68,2,3,38,65,40,49,89,8,12,7,12,55,104,.451,.441,.667,.465,.585,.522
307,Ryan Hollins\holliry01,2015-16,31,TOT,NBA,1.0,37,12,460,49,79,49,79,0,0,26,42,47,51,98,10,6,21,24,62,124,.620,.620,,.620,.619,.636
308,Sean Kilpatrick\kilpase01,2015-16,26,TOT,NBA,1.0,31,0,616,123,270,84,156,39,114,60,67,12,44,56,29,12,2,31,37,345,.456,.538,.342,.528,.896,.576
309,Andre Miller\millean02,2015-16,39,TOT,NBA,1.0,39,4,461,59,106,57,98,2,8,24,32,12,39,51,87,16,0,37,46,144,.557,.582,.250,.566,.750,.600
310,Brian Roberts\roberbr01,2015-16,30,TOT,NBA,1.0,51,0,470,74,165,59,123,15,42,42,47,6,35,41,54,10,2,23,35,205,.448,.480,.357,.494,.894,.552
311,Anderson Varejao\varejan01,2015-16,33,TOT,NBA,1.0,53,0,496,53,124,53,123,0,1,32,50,37,104,141,35,16,10,22,70,138,.427,.431,.000,.427,.640,.473
312,Bojan Bogdanovic\bogdabo02,2015-16,26,BRK,NBA,0.9,79,39,2115,324,749,195,411,129,338,110,132,36,219,255,99,29,5,115,119,887,.433,.474,.382,.519,.833,.550
313,Aaron Brooks\brookaa01,2015-16,31,CHI,NBA,0.9,69,0,1108,188,469,122,284,66,185,49,64,21,80,101,180,30,10,82,132,491,.401,.430,.357,.471,.766,.494
314,Ian Clark\clarkia01,2015-16,24,GSW,NBA,0.9,66,1,578,89,202,59,118,30,84,28,34,13,55,68,64,17,13,43,58,236,.441,.500,.357,.515,.824,.544
315,Mike Dunleavy\dunlemi02,2015-16,35,CHI,NBA,0.9,31,30,703,77,188,38,89,39,99,29,37,8,75,83,39,14,10,26,66,222,.410,.427,.394,.513,.784,.543
316,James Ennis\ennisja01,2015-16,25,TOT,NBA,0.9,22,5,329,54,113,28,55,26,58,25,34,21,21,42,21,16,5,19,28,159,.478,.509,.448,.593,.735,.621
317,Montrezl Harrell\harremo01,2015-16,22,HOU,NBA,0.9,39,1,379,58,90,58,89,0,1,24,46,25,40,65,17,11,11,17,48,140,.644,.652,.000,.644,.522,.635
318,Mario Hezonja\hezonma01,2015-16,20,ORL,NBA,0.9,79,9,1413,181,418,114,226,67,192,49,54,28,148,176,109,39,17,97,124,478,.433,.504,.349,.513,.907,.541
319,Jarrett Jack\jackja01,2015-16,32,BRK,NBA,0.9,32,32,1027,140,358,109,256,31,102,100,112,9,127,136,236,34,7,94,77,411,.391,.426,.304,.434,.893,.505
320,Ty Lawson\lawsoty01,2015-16,28,TOT,NBA,0.9,66,13,1411,139,354,103,246,36,108,59,86,26,94,120,237,53,7,95,87,373,.393,.419,.333,.444,.686,.476
321,Paul Pierce\piercpa01,2015-16,38,LAC,NBA,0.9,68,38,1231,144,397,69,155,75,242,54,66,12,174,186,71,33,17,58,129,417,.363,.445,.310,.457,.818,.489
322,Matt Bonner\bonnema01,2015-16,35,SAS,NBA,0.8,30,2,206,29,57,14,23,15,34,3,4,3,24,27,9,6,1,3,16,76,.509,.609,.441,.640,.750,.647
323,Nick Collison\collini01,2015-16,35,OKC,NBA,0.8,59,4,699,50,109,50,107,0,2,23,33,68,103,171,52,15,16,50,107,123,.459,.467,.000,.459,.697,.498
324,Wayne Ellington\ellinwa01,2015-16,28,BRK,NBA,0.8,76,41,1615,218,561,122,293,96,268,54,63,20,154,174,83,48,5,45,82,586,.389,.416,.358,.474,.857,.498
325,Jerian Grant\grantje02,2015-16,23,NYK,NBA,0.8,76,6,1265,154,391,132,291,22,100,96,123,23,120,143,177,50,10,87,97,426,.394,.454,.220,.422,.780,.479
326,J.J. Hickson\hicksjj01,2015-16,27,TOT,NBA,0.8,35,9,436,80,155,80,154,0,1,46,103,39,93,132,23,15,14,25,47,206,.516,.519,.000,.516,.447,.514
327,Jarell Martin\martija01,2015-16,21,MEM,NBA,0.8,27,0,380,54,116,54,114,0,2,45,62,39,47,86,15,8,7,19,58,153,.466,.474,.000,.466,.726,.534
328,James Michael McAdoo\mcadoja01,2015-16,23,GSW,NBA,0.8,41,1,262,45,84,44,82,1,2,26,49,30,28,58,17,10,8,16,39,117,.536,.537,.500,.542,.531,.554
329,Josh McRoberts\mcrobjo01,2015-16,28,MIA,NBA,0.8,42,1,595,55,148,43,99,12,49,28,40,22,83,105,81,18,7,30,68,150,.372,.434,.245,.412,.700,.453
330,Glenn Robinson\robingl02,2015-16,22,IND,NBA,0.8,45,4,508,65,151,51,114,14,37,27,39,12,56,68,26,17,9,18,21,171,.430,.447,.378,.477,.692,.508
331,Tarik Black\blackta01,2015-16,24,LAL,NBA,0.7,39,0,496,57,104,57,104,0,0,19,45,44,113,157,16,14,18,22,78,133,.548,.548,,.548,.422,.537
332,Lucas Nogueira\noguelu01,2015-16,23,TOR,NBA,0.7,29,1,225,28,44,27,41,1,3,8,15,18,28,46,7,12,12,11,29,65,.636,.659,.333,.648,.533,.642
333,Brandan Wright\wrighbr03,2015-16,28,MEM,NBA,0.7,12,2,212,35,52,35,52,0,0,13,24,14,29,43,6,5,15,10,21,83,.673,.673,,.673,.542,.663
334,Markel Brown\brownma02,2015-16,24,BRK,NBA,0.6,62,6,982,127,322,89,201,38,121,71,94,23,99,122,91,38,15,54,94,363,.394,.443,.314,.453,.755,.500
335,Jeremy Evans\evansje01,2015-16,28,DAL,NBA,0.6,30,2,251,26,48,22,32,4,16,15,21,11,43,54,2,6,9,7,19,71,.542,.688,.250,.583,.714,.620
336,P.J. Hairston\hairspj02,2015-16,23,TOT,NBA,0.6,66,52,1313,145,408,75,167,70,241,50,64,25,149,174,38,32,11,41,137,410,.355,.449,.290,.441,.781,.470
337,Kirk Hinrich\hinriki01,2015-16,35,TOT,NBA,0.6,46,7,631,49,129,25,67,24,62,15,16,8,62,70,73,15,2,30,64,137,.380,.373,.387,.473,.938,.504
338,Justin Holiday\holidju01,2015-16,26,TOT,NBA,0.6,53,5,773,88,228,52,123,36,105,27,37,12,78,90,56,32,19,39,61,239,.386,.423,.343,.465,.730,.489
339,Stanley Johnson\johnsst04,2015-16,19,DET,NBA,0.6,73,6,1687,225,600,162,395,63,205,80,102,58,248,306,118,55,12,114,178,593,.375,.410,.307,.428,.784,.460
340,Michael Kidd-Gilchrist\kiddgmi01,2015-16,22,CHO,NBA,0.6,7,7,205,33,61,30,54,3,7,20,29,12,33,45,9,3,3,8,9,89,.541,.556,.429,.566,.690,.603
341,Thomas Robinson\robinth01,2015-16,24,BRK,NBA,0.6,71,7,917,130,291,130,290,0,1,47,109,136,223,359,46,39,36,69,111,307,.447,.448,.000,.447,.431,.453
342,C.J. Watson\watsocj01,2015-16,31,ORL,NBA,0.6,33,2,656,47,137,33,89,14,48,34,39,10,56,66,88,19,5,25,49,142,.343,.371,.292,.394,.872,.461
343,Delon Wright\wrighde01,2015-16,23,TOR,NBA,0.6,27,1,229,36,80,31,67,5,13,26,35,8,29,37,31,8,3,16,7,103,.450,.463,.385,.481,.743,.540
344,Marco Belinelli\belinma01,2015-16,29,SAC,NBA,0.5,68,7,1672,245,635,154,338,91,297,115,138,10,107,117,127,37,2,80,91,696,.386,.456,.306,.457,.833,.500
345,Darrun Hilliard\hillida01,2015-16,22,DET,NBA,0.5,38,2,383,52,131,33,81,19,50,29,40,5,40,45,27,9,1,19,28,152,.397,.407,.380,.469,.725,.511
346,Markieff Morris\morrima02,2015-16,26,TOT,NBA,0.5,64,45,1629,305,718,258,563,47,155,108,147,73,279,352,124,58,34,135,184,765,.425,.458,.303,.458,.735,.489
347,Jameer Nelson\nelsoja01,2015-16,33,DEN,NBA,0.5,39,15,1036,113,307,70,163,43,144,30,35,19,96,115,190,25,5,66,100,299,.368,.429,.299,.438,.857,.464
348,Nik Stauskas\stausni01,2015-16,22,PHI,NBA,0.5,73,35,1809,210,545,104,220,106,325,91,118,23,160,183,138,44,20,94,115,617,.385,.473,.326,.483,.771,.517
349,Joel Anthony\anthojo01,2015-16,33,DET,NBA,0.4,19,0,96,6,10,6,10,0,0,6,8,8,13,21,1,2,12,2,15,18,.600,.600,,.600,.750,.666
350,Tyler Ennis\ennisty01,2015-16,21,MIL,NBA,0.4,46,7,654,84,187,71,148,13,39,25,34,13,62,75,95,25,1,46,64,206,.449,.480,.333,.484,.735,.510
351,Jordan Farmar\farmajo01,2015-16,29,MEM,NBA,0.4,12,10,291,42,100,26,55,16,45,10,10,4,21,25,37,15,2,18,22,110,.420,.473,.356,.500,1.000,.527
352,Randy Foye\foyera01,2015-16,32,TOT,NBA,0.4,81,8,1642,169,482,94,232,75,250,61,74,24,132,156,161,39,29,86,131,474,.351,.405,.300,.428,.824,.461
353,Udonis Haslem\hasleud01,2015-16,35,MIA,NBA,0.4,37,0,260,23,61,22,52,1,9,12,16,10,65,75,14,5,2,5,25,59,.377,.423,.111,.385,.750,.434
354,Jordan McRae\mcraejo01,2015-16,24,TOT,NBA,0.4,22,1,195,34,78,24,56,10,22,21,28,4,16,20,25,3,1,15,17,99,.436,.429,.455,.500,.750,.548
355,Jusuf Nurkic\nurkiju01,2015-16,21,DEN,NBA,0.4,32,3,547,101,242,101,239,0,3,61,99,65,110,175,40,24,44,55,91,263,.417,.423,.000,.417,.616,.460
356,Kelly Oubre\oubreke01,2015-16,20,WAS,NBA,0.4,63,9,671,90,211,65,132,25,79,31,49,25,108,133,13,22,7,34,100,236,.427,.492,.316,.486,.633,.507
357,Tayshaun Prince\princta01,2015-16,35,MIN,NBA,0.4,77,44,1462,102,229,98,206,4,23,13,19,32,115,147,73,36,13,27,62,221,.445,.476,.174,.454,.684,.466
358,Derrick Rose\rosede01,2015-16,27,CHI,NBA,0.4,66,66,2097,447,1048,403,898,44,150,142,179,46,179,225,311,44,14,175,84,1080,.427,.449,.293,.448,.793,.479
359,Henry Sims\simshe01,2015-16,25,BRK,NBA,0.4,14,4,263,33,77,33,77,0,0,25,30,21,51,72,9,9,14,12,37,91,.429,.429,,.429,.833,.504
360,Tony Snell\snellto01,2015-16,24,CHI,NBA,0.4,64,33,1301,126,339,70,184,56,155,30,33,19,180,199,63,16,17,52,100,338,.372,.380,.361,.454,.909,.478
361,Beno Udrih\udrihbe01,2015-16,33,TOT,NBA,0.4,44,5,707,86,198,71,154,15,44,18,20,8,64,72,116,14,1,53,51,205,.434,.461,.341,.472,.900,.496
362,Alan Anderson\anderal01,2015-16,33,WAS,NBA,0.3,13,0,192,21,59,9,22,12,37,11,15,1,26,27,14,4,1,2,25,65,.356,.409,.324,.458,.733,.495
363,Caron Butler\butleca01,2015-16,35,SAC,NBA,0.3,17,1,176,25,59,22,41,3,18,10,12,5,17,22,10,9,1,3,19,63,.424,.537,.167,.449,.833,.490
364,Jorge Gutierrez\gutiejo01,2015-16,27,CHO,NBA,0.3,12,0,63,6,11,6,9,0,2,10,11,0,7,7,17,3,0,6,3,22,.545,.667,.000,.545,.909,.694
365,R.J. Hunter\hunterj01,2015-16,22,BOS,NBA,0.3,36,0,315,36,98,17,35,19,63,6,7,2,35,37,13,14,4,11,29,97,.367,.486,.302,.464,.857,.480
366,Tyus Jones\jonesty01,2015-16,19,MIN,NBA,0.3,37,0,573,56,156,40,103,16,53,28,39,7,40,47,108,31,3,33,33,156,.359,.388,.302,.410,.718,.450
367,Sergey Karasev\karasse01,2015-16,22,BRK,NBA,0.3,40,5,399,30,74,19,37,11,37,26,28,8,50,58,35,6,2,22,27,97,.405,.514,.297,.480,.929,.562
368,Ray McCallum\mccalra01,2015-16,24,TOT,NBA,0.3,41,6,475,55,146,40,104,15,42,12,15,8,39,47,60,12,7,24,29,137,.377,.385,.357,.428,.800,.449
369,Chris McCullough\mcculch01,2015-16,20,BRK,NBA,0.3,24,4,362,44,109,31,75,13,34,11,23,25,43,68,9,28,12,15,39,112,.404,.413,.382,.463,.478,.470
370,Ben McLemore\mclembe01,2015-16,22,SAC,NBA,0.3,68,53,1443,195,455,128,270,67,185,74,103,34,114,148,79,52,10,99,140,531,.429,.474,.362,.502,.718,.531
371,Mike Miller\millemi01,2015-16,35,DEN,NBA,0.3,47,2,373,22,62,3,10,19,52,0,0,6,47,53,40,13,4,17,53,63,.355,.300,.365,.508,,.508
372,Donatas Motiejunas\motiedo01,2015-16,25,HOU,NBA,0.3,37,22,547,90,205,74,148,16,57,34,53,37,72,109,41,17,5,44,69,230,.439,.500,.281,.478,.642,.504
373,Johnny O'Bryant\obryajo01,2015-16,22,MIL,NBA,0.3,66,4,857,86,209,85,208,1,1,27,40,65,111,176,32,18,8,31,100,200,.411,.409,1.000,.414,.675,.441
374,Robert Sacre\sacrero01,2015-16,26,LAL,NBA,0.3,25,1,320,31,75,31,75,0,0,25,38,32,40,72,14,4,10,12,43,87,.413,.413,,.413,.658,.474
375,Axel Toupane\toupaax01,2015-16,23,DEN,NBA,0.3,21,0,305,25,70,12,30,13,40,13,17,8,23,31,15,7,6,6,40,76,.357,.400,.325,.450,.765,.490
376,C.J. Wilcox\wilcocj01,2015-16,25,LAC,NBA,0.3,23,0,167,26,66,17,43,9,23,9,12,1,11,12,10,10,2,2,15,70,.394,.395,.391,.462,.750,.491
377,Christian Wood\woodch01,2015-16,20,PHI,NBA,0.3,17,0,145,22,53,18,42,4,11,13,21,13,25,38,3,5,7,2,11,61,.415,.429,.364,.453,.619,.490
378,Jeff Ayres\pendeje02,2015-16,28,LAC,NBA,0.2,17,0,107,12,23,12,22,0,1,6,6,4,18,22,5,0,3,6,18,30,.522,.545,.000,.522,1.000,.585
379,Andrea Bargnani\bargnan01,2015-16,30,BRK,NBA,0.2,46,0,634,127,279,124,263,3,16,47,57,28,69,97,18,4,9,26,61,304,.455,.471,.188,.461,.825,.500
380,Elton Brand\brandel01,2015-16,36,PHI,NBA,0.2,17,1,225,31,72,31,71,0,1,8,9,9,54,63,18,9,8,11,32,70,.431,.437,.000,.431,.889,.461
381,Bryce Dejean-Jones\dejeabr01,2015-16,23,NOP,NBA,0.2,14,11,279,28,69,16,37,12,32,11,21,8,40,48,15,10,2,11,17,79,.406,.432,.375,.493,.524,.505
382,Jordan Hamilton\hamiljo02,2015-16,25,NOP,NBA,0.2,11,4,304,49,116,36,71,13,45,14,21,12,50,62,25,8,3,17,24,125,.422,.507,.289,.478,.667,.499
383,John Jenkins\jenkijo01,2015-16,24,TOT,NBA,0.2,43,3,480,71,160,55,109,16,51,20,24,8,49,57,35,8,1,27,22,178,.444,.505,.314,.494,.833,.522
384,Sasha Kaun\kaunsa01,2015-16,30,CLE,NBA,0.2,25,0,95,9,17,9,17,0,0,5,11,12,14,26,3,4,5,7,11,23,.529,.529,,.529,.455,.527
385,K.J. McDaniels\mcdankj01,2015-16,22,HOU,NBA,0.2,37,1,235,29,72,22,47,7,25,24,30,16,26,42,10,7,6,17,30,89,.403,.468,.280,.451,.800,.522
386,Lamar Patterson\pattela01,2015-16,24,ATL,NBA,0.2,35,0,395,28,80,16,31,12,49,16,22,4,46,50,39,9,2,23,45,84,.350,.516,.245,.425,.727,.468
387,Greg Smith\smithgr02,2015-16,25,MIN,NBA,0.2,18,0,192,18,32,18,32,0,0,7,17,12,30,42,6,4,1,7,28,43,.563,.563,,.563,.412,.545
388,Edy Tavares\tavarwa01,2015-16,23,ATL,NBA,0.2,11,0,73,11,19,11,19,0,0,3,8,7,14,21,3,1,6,5,8,25,.579,.579,,.579,.375,.555
389,Charlie Villanueva\villach01,2015-16,31,DAL,NBA,0.2,62,4,665,125,327,78,155,47,172,22,24,24,128,152,24,18,15,31,71,319,.382,.503,.273,.454,.917,.473
390,Alan Williams\willial03,2015-16,23,PHO,NBA,0.2,10,0,68,10,24,10,24,0,0,9,14,14,24,38,5,4,5,6,15,29,.417,.417,,.417,.643,.481
391,Anthony Bennett\bennean01,2015-16,22,TOR,NBA,0.1,19,0,84,8,27,5,13,3,14,9,10,6,17,23,0,5,0,4,8,28,.296,.385,.214,.352,.900,.446
392,Jared Cunningham\cunnija01,2015-16,24,TOT,NBA,0.1,44,3,410,36,105,24,66,12,39,36,55,3,35,38,20,14,2,21,41,120,.343,.364,.308,.400,.655,.464
393,Spencer Dinwiddie\dinwisp01,2015-16,22,DET,NBA,0.1,12,0,159,19,54,18,44,1,10,19,33,4,13,17,22,3,0,7,20,58,.352,.409,.100,.361,.576,.423
394,Jarell Eddie\eddieja01,2015-16,24,WAS,NBA,0.1,26,0,147,20,65,5,18,15,47,8,8,2,21,23,5,5,1,1,5,63,.308,.278,.319,.423,1.000,.460
395,Archie Goodwin\goodwar01,2015-16,21,PHO,NBA,0.1,57,13,1114,176,422,153,323,23,99,130,193,27,115,142,118,27,13,100,84,505,.417,.474,.232,.444,.674,.498
396,Erick Green\greener01,2015-16,24,TOT,NBA,0.1,9,0,42,5,13,4,8,1,5,2,2,3,3,6,3,1,0,0,4,13,.385,.500,.200,.423,1.000,.468
397,Cory Jefferson\jeffeco01,2015-16,25,PHO,NBA,0.1,8,0,50,9,22,9,21,0,1,4,6,6,10,16,0,0,1,0,8,22,.409,.429,.000,.409,.667,.446
398,Dahntay Jones\jonesda02,2015-16,35,CLE,NBA,0.1,1,0,42,6,14,5,12,1,2,0,0,1,4,5,2,1,2,0,6,13,.429,.417,.500,.464,,.464
399,Chris Kaman\kamanch01,2015-16,33,POR,NBA,0.1,16,2,112,20,43,19,39,1,4,3,3,7,17,24,11,1,1,8,15,44,.465,.487,.250,.477,1.000,.496
400,Ryan Kelly\kellyry01,2015-16,24,LAL,NBA,0.1,36,0,470,55,149,50,112,5,37,37,54,21,100,121,20,13,10,18,39,152,.369,.446,.135,.386,.685,.440
401,Kevon Looney\looneke01,2015-16,19,GSW,NBA,0.1,5,0,21,4,7,3,5,1,2,0,0,4,6,10,0,0,0,1,2,9,.571,.600,.500,.643,,.643
402,Jodie Meeks\meeksjo01,2015-16,28,DET,NBA,0.1,3,0,43,7,20,3,11,4,9,4,4,1,4,5,3,0,0,1,2,22,.350,.273,.444,.450,1.000,.506
403,Jordan Mickey\mickejo01,2015-16,21,BOS,NBA,0.1,16,0,57,8,22,8,22,0,0,5,10,6,7,13,1,0,11,1,5,21,.364,.364,,.364,.500,.398
404,Elijah Millsap\millsel01,2015-16,28,UTA,NBA,0.1,20,0,173,11,39,10,27,1,12,13,18,6,29,35,19,7,3,9,33,36,.282,.370,.083,.295,.722,.384
405,Xavier Munford\munfoxa02,2015-16,23,MEM,NBA,0.1,14,0,244,32,77,23,54,9,23,7,14,3,28,31,22,13,3,15,25,80,.416,.426,.391,.474,.500,.481
406,Shabazz Napier\napiesh01,2015-16,24,ORL,NBA,0.1,55,0,600,68,201,34,97,34,104,33,45,9,46,55,97,23,1,46,38,203,.338,.351,.327,.423,.733,.460
407,Steve Novak\novakst01,2015-16,32,TOT,NBA,0.1,10,0,44,8,18,1,3,7,15,1,1,0,5,5,0,0,0,1,3,24,.444,.333,.467,.639,1.000,.651
408,Damjan Rudez\rudezda01,2015-16,29,MIN,NBA,0.1,33,0,277,25,62,8,12,17,50,8,8,5,15,20,11,3,1,13,33,75,.403,.667,.340,.540,1.000,.572
409,JaKarr Sampson\sampsja02,2015-16,22,TOT,NBA,0.1,73,40,1160,140,317,126,254,14,63,80,122,46,144,190,46,23,33,70,142,374,.442,.496,.222,.464,.656,.504
410,Alex Stepheson\stephal01,2015-16,28,TOT,NBA,0.1,8,0,73,9,27,9,27,0,0,4,12,19,9,28,2,1,5,0,12,22,.333,.333,,.333,.333,.341
411,Jarnell Stokes\stokeja01,2015-16,22,TOT,NBA,0.1,7,0,18,3,5,3,5,0,0,1,2,1,3,4,1,1,0,0,1,7,.600,.600,,.600,.500,.595
412,Metta World Peace\artesro01,2015-16,36,LAL,NBA,0.1,35,5,590,55,177,29,93,26,84,40,57,19,70,89,27,22,11,15,67,176,.311,.312,.310,.384,.702,.435
413,James Young\youngja01,2015-16,20,BOS,NBA,0.1,29,0,199,11,36,5,10,6,26,1,4,4,22,26,9,6,1,5,17,29,.306,.500,.231,.389,.250,.384
414,Nick Young\youngni01,2015-16,30,LAL,NBA,0.1,54,2,1033,126,372,49,135,77,237,63,76,14,83,97,34,23,7,30,50,392,.339,.363,.325,.442,.829,.483
415,Jordan Adams\adamsjo01,2015-16,21,MEM,NBA,0.0,2,0,15,2,6,2,5,0,1,3,5,0,2,2,3,3,0,2,2,7,.333,.400,.000,.333,.600,.427
416,Cliff Alexander\alexacl01,2015-16,20,POR,NBA,0.0,8,0,36,5,10,5,10,0,0,0,0,2,4,6,0,1,2,1,1,10,.500,.500,,.500,,.500
417,Thanasis Antetokounmpo\antetth01,2015-16,23,NYK,NBA,0.0,2,0,6,3,4,3,3,0,1,0,0,0,1,1,0,0,0,0,2,6,.750,1.000,.000,.750,,.750
418,Cameron Bairstow\bairsca01,2015-16,25,CHI,NBA,0.0,18,2,103,13,40,12,35,1,5,7,8,4,24,28,6,2,3,4,19,34,.325,.343,.200,.338,.875,.391
419,Rakeem Christmas\chrisra01,2015-16,24,IND,NBA,0.0,1,0,6,2,2,2,2,0,0,0,0,1,0,1,0,0,0,0,1,4,1.000,1.000,,1.000,,1.000
420,Coty Clarke\clarkco01,2015-16,23,BOS,NBA,0.0,3,0,6,2,4,0,2,2,2,0,0,0,1,1,0,0,0,1,0,6,.500,.000,1.000,.750,,.750
421,Branden Dawson\dawsobr01,2015-16,22,LAC,NBA,0.0,6,0,29,2,5,2,5,0,0,1,1,2,2,4,0,0,1,0,2,5,.400,.400,,.400,1.000,.460
422,Sam Dekker\dekkesa01,2015-16,21,HOU,NBA,0.0,3,0,6,0,0,0,0,0,0,0,0,0,1,1,0,1,0,0,0,0,,,,,,
423,Duje Dukan\dukandu01,2015-16,24,SAC,NBA,0.0,1,0,24,2,10,0,5,2,5,0,0,2,2,4,1,1,0,0,2,6,.200,.000,.400,.300,,.300
424,Jimmer Fredette\fredeji01,2015-16,26,TOT,NBA,0.0,6,0,18,2,5,1,3,1,2,4,5,0,0,0,1,1,0,2,2,9,.400,.333,.500,.500,.800,.625
425,Drew Gooden\goodedr01,2015-16,34,WAS,NBA,0.0,30,0,305,33,103,26,62,7,41,9,14,28,57,85,13,8,11,13,40,82,.320,.419,.171,.354,.643,.376
426,Andrew Goudelock\goudean01,2015-16,27,HOU,NBA,0.0,8,0,50,9,20,8,11,1,9,3,4,1,1,2,4,6,2,7,4,22,.450,.727,.111,.475,.750,.506
427,Justin Harper\harpeju01,2015-16,26,DET,NBA,0.0,5,0,35,4,10,0,1,4,9,1,2,0,1,1,0,1,0,2,3,13,.400,.000,.444,.600,.500,.597
428,Joe Harris\harrijo01,2015-16,24,CLE,NBA,0.0,5,0,15,1,4,0,0,1,4,0,0,0,3,3,2,0,0,1,1,3,.250,,.250,.375,,.375
429,Aaron Harrison\harriaa01,2015-16,21,CHO,NBA,0.0,21,0,93,5,19,2,9,3,10,5,12,4,11,15,2,6,0,4,10,18,.263,.222,.300,.342,.417,.371
430,Chuck Hayes\hayesch01,2015-16,32,HOU,NBA,0.0,2,0,24,1,2,1,2,0,0,2,2,0,8,8,2,0,0,3,6,4,.500,.500,,.500,1.000,.694
431,Josh Huestis\huestjo01,2015-16,24,OKC,NBA,0.0,5,0,55,5,12,1,6,4,6,0,4,2,8,10,0,1,2,3,3,14,.417,.167,.667,.583,.000,.509
432,Mitch McGary\mcgarmi01,2015-16,23,OKC,NBA,0.0,20,0,72,11,23,11,19,0,4,4,10,4,14,18,3,1,2,7,10,26,.478,.579,.000,.478,.400,.474
433,Nazr Mohammed\mohamna01,2015-16,38,OKC,NBA,0.0,5,0,19,3,5,3,5,0,0,2,2,1,3,4,0,0,0,3,4,8,.600,.600,,.600,1.000,.680
434,Eric Moreland\moreler01,2015-16,24,SAC,NBA,0.0,8,0,48,3,6,3,6,0,0,2,4,3,8,11,1,0,4,3,4,8,.500,.500,,.500,.500,.515
435,J.J. O'Brien\obriejj01,2015-16,23,UTA,NBA,0.0,2,0,6,0,1,0,1,0,0,0,0,0,1,1,0,1,0,0,1,0,.000,.000,,.000,,.000
436,Nate Robinson\robinna01,2015-16,31,NOP,NBA,0.0,2,1,23,0,1,0,0,0,1,0,0,0,0,0,4,1,0,0,5,0,.000,,.000,.000,,.000
437,D'Angelo Russell\russeda01,2015-16,19,LAL,NBA,0.0,80,48,2259,392,956,262,586,130,370,140,190,47,227,274,266,93,13,196,142,1054,.410,.447,.351,.478,.737,.507
438,Josh Smith\smithjo03,2015-16,30,TOT,NBA,0.0,55,7,880,127,349,86,206,41,143,37,67,51,141,192,90,34,47,77,118,332,.364,.417,.287,.423,.552,.439
439,Briante Weber\weberbr01,2015-16,23,TOT,NBA,0.0,7,4,169,14,39,14,34,0,5,3,4,8,17,25,21,9,3,9,12,31,.359,.412,.000,.359,.750,.380
440,Shayne Whittington\whittsh01,2015-16,24,IND,NBA,0.0,7,0,41,5,11,5,9,0,2,1,2,5,7,12,3,1,1,5,7,11,.455,.556,.000,.455,.500,.463
441,Elliot Williams\williel01,2015-16,26,MEM,NBA,0.0,5,0,45,2,10,1,6,1,4,3,4,1,3,4,4,0,0,1,2,8,.200,.167,.250,.250,.750,.340
442,Lou Amundson\amundlo01,2015-16,33,NYK,NBA,-0.1,29,0,204,19,53,19,53,0,0,14,27,23,26,49,12,6,7,15,44,52,.358,.358,,.358,.519,.401
443,Keith Appling\applike01,2015-16,23,ORL,NBA,-0.1,5,0,27,2,8,2,5,0,3,2,2,0,1,1,1,1,0,3,5,6,.250,.400,.000,.250,1.000,.338
444,DeJuan Blair\blairde01,2015-16,26,WAS,NBA,-0.1,29,0,218,28,68,28,67,0,1,5,13,20,37,57,11,8,2,15,53,61,.412,.418,.000,.412,.385,.414
445,Norris Cole\coleno01,2015-16,27,NOP,NBA,-0.1,45,23,1198,196,484,163,382,33,102,52,65,10,141,151,167,37,5,75,102,477,.405,.427,.324,.439,.800,.465
446,Chris Copeland\copelch01,2015-16,31,MIL,NBA,-0.1,24,1,156,17,51,7,15,10,36,6,7,1,9,10,11,2,0,6,17,50,.333,.467,.278,.431,.857,.462
447,Bryce Cotton\cottobr01,2015-16,23,TOT,NBA,-0.1,8,0,39,4,10,4,7,0,3,0,0,0,0,0,3,3,0,5,2,8,.400,.571,.000,.400,,.400
448,Marcelo Huertas\huertma01,2015-16,32,LAL,NBA,-0.1,53,0,869,97,230,81,169,16,61,27,29,18,72,90,182,26,7,80,76,237,.422,.479,.262,.457,.931,.488
449,Damien Inglis\inglida01,2015-16,20,MIL,NBA,-0.1,20,1,156,13,37,10,24,3,13,7,8,2,29,31,10,6,3,11,11,36,.351,.417,.231,.392,.875,.444
450,Devyn Marble\marblde01,2015-16,23,ORL,NBA,-0.1,28,0,249,21,71,13,39,8,32,10,24,6,32,38,12,13,1,7,25,60,.296,.333,.250,.352,.417,.368
451,O.J. Mayo\mayooj01,2015-16,28,MIL,NBA,-0.1,41,24,1090,119,321,67,159,52,162,31,40,13,92,105,118,48,8,72,126,321,.371,.421,.321,.452,.775,.474
452,Kostas Papanikolaou\papanko01,2015-16,25,DEN,NBA,-0.1,26,6,294,24,66,14,34,10,32,9,14,8,32,40,16,13,5,21,24,67,.364,.412,.313,.439,.643,.464
453,Nikola Pekovic\pekovni01,2015-16,30,MIN,NBA,-0.1,12,3,156,19,50,19,50,0,0,16,20,7,14,21,11,1,0,9,22,54,.380,.380,,.380,.800,.459
454,Kendrick Perkins\perkike01,2015-16,31,NOP,NBA,-0.1,37,5,542,40,75,40,75,0,0,11,25,25,103,128,31,11,11,41,64,91,.533,.533,,.533,.440,.529
455,Tibor Pleiss\pleisti01,2015-16,26,UTA,NBA,-0.1,12,0,82,11,25,11,23,0,2,2,2,6,9,15,2,1,2,8,19,24,.440,.478,.000,.440,1.000,.464
456,Phil Pressey\pressph01,2015-16,24,TOT,NBA,-0.1,23,0,283,30,78,26,60,4,18,13,25,3,28,31,75,18,4,33,28,77,.385,.433,.222,.410,.520,.433
457,Russ Smith\smithru01,2015-16,24,MEM,NBA,-0.1,15,0,66,7,22,6,17,1,5,8,13,1,8,9,11,5,1,7,5,23,.318,.353,.200,.341,.615,.415
458,Joe Young\youngjo01,2015-16,23,IND,NBA,-0.1,41,0,384,62,169,52,123,10,46,20,25,6,44,50,65,15,0,33,30,154,.367,.423,.217,.396,.800,.428
459,Lorenzo Brown\brownlo01,2015-16,25,PHO,NBA,-0.2,8,0,61,8,25,7,17,1,8,3,4,0,7,7,11,3,1,9,4,20,.320,.412,.125,.340,.750,.374
460,Pat Connaughton\connapa01,2015-16,23,POR,NBA,-0.2,34,0,143,13,49,8,28,5,21,5,5,11,21,32,10,2,0,10,6,36,.265,.286,.238,.316,1.000,.352
461,Cleanthony Early\earlycl01,2015-16,24,NYK,NBA,-0.2,17,2,154,12,40,8,25,4,15,3,4,4,22,26,6,2,3,9,16,31,.300,.320,.267,.350,.750,.371
462,Orlando Johnson\johnsor01,2015-16,26,TOT,NBA,-0.2,7,1,101,9,34,7,24,2,10,6,8,4,11,15,2,3,3,4,9,26,.265,.292,.200,.294,.750,.346
463,Luis Montero\montelu01,2015-16,22,POR,NBA,-0.2,12,0,42,5,19,4,10,1,9,3,4,0,4,4,1,0,0,4,1,14,.263,.400,.111,.289,.750,.337
464,Kevin Seraphin\serapke01,2015-16,26,NYK,NBA,-0.2,48,0,526,84,205,84,203,0,2,19,23,31,95,126,47,8,36,43,67,187,.410,.414,.000,.410,.826,.435
465,James Anderson\anderja01,2015-16,26,SAC,NBA,-0.3,51,15,721,67,178,44,92,23,86,22,29,13,73,86,41,21,14,42,54,179,.376,.478,.267,.441,.759,.469
466,Anthony Brown\brownan02,2015-16,23,LAL,NBA,-0.3,29,11,599,39,126,19,56,20,70,17,20,9,61,70,19,14,5,15,34,115,.310,.339,.286,.389,.850,.427
467,Bruno Caboclo\cabocbr01,2015-16,20,TOR,NBA,-0.3,6,1,43,1,12,0,5,1,7,0,0,1,1,2,1,2,1,4,2,3,.083,.000,.143,.125,,.125
468,Terry Rozier\roziete01,2015-16,21,BOS,NBA,-0.3,39,0,311,29,106,23,79,6,27,8,10,24,39,63,37,6,1,19,23,72,.274,.291,.222,.302,.800,.326
469,Greivis Vasquez\vasqugr01,2015-16,29,MIL,NBA,-0.3,23,0,460,45,138,27,65,18,73,22,26,5,42,47,91,10,0,40,42,130,.326,.415,.247,.391,.846,.435
470,Kobe Bryant\bryanko01,2015-16,37,LAL,NBA,-0.4,66,66,1863,398,1113,265,646,133,467,232,281,41,206,247,184,62,13,129,115,1161,.358,.410,.285,.417,.826,.469
471,Kendall Marshall\marshke01,2015-16,24,PHI,NBA,-0.5,30,6,400,43,118,27,69,16,49,9,13,2,26,28,73,16,2,43,30,111,.364,.391,.327,.432,.692,.449
472,Adreian Payne\paynead01,2015-16,24,MIN,NBA,-0.5,52,2,486,53,145,44,113,9,32,17,26,20,91,111,29,16,11,36,77,132,.366,.389,.281,.397,.654,.422
473,Sonny Weems\weemsso01,2015-16,29,TOT,NBA,-0.5,43,0,499,42,110,27,69,15,41,8,15,7,46,53,49,10,1,41,47,107,.382,.391,.366,.450,.533,.459
474,Rashad Vaughn\vaughra01,2015-16,19,MIL,NBA,-0.8,70,6,1001,81,266,38,119,43,147,12,15,11,77,88,39,29,16,28,73,217,.305,.319,.293,.385,.800,.398
475,Tony Wroten\wroteto01,2015-16,22,PHI,NBA,-0.8,8,3,144,22,65,19,48,3,17,20,37,2,19,21,20,3,0,29,11,67,.338,.396,.176,.362,.541,.412
476,Emmanuel Mudiay\mudiaem01,2015-16,19,DEN,NBA,-2.1,68,66,2068,329,905,255,673,74,232,140,209,32,200,232,372,65,35,217,141,872,.364,.379,.319,.404,.670,.437